name,deleted,verified,occluded,attributes,parts/hasparts,parts/ispartof,date,id,polygon/username,polygon/pt/0/x,polygon/pt/0/y,polygon/pt/1/x,polygon/pt/1/y,polygon/pt/2/x,polygon/pt/2/y,polygon/pt/3/x,polygon/pt/3/y,polygon/pt/4/x,polygon/pt/4/y,polygon/pt/5/x,polygon/pt/5/y,polygon/pt/6/x,polygon/pt/6/y,polygon/pt/7/x,polygon/pt/7/y,polygon/pt/8/x,polygon/pt/8/y,polygon/pt/9/x,polygon/pt/9/y,polygon/pt/10/x,polygon/pt/10/y,polygon/pt/11/x,polygon/pt/11/y,polygon/pt/12/x,polygon/pt/12/y,polygon/pt/13/x,polygon/pt/13/y,polygon/pt/14/x,polygon/pt/14/y,polygon/pt/15/x,polygon/pt/15/y,polygon/pt/16/x,polygon/pt/16/y,polygon/pt/17/x,polygon/pt/17/y,polygon/pt/18/x,polygon/pt/18/y,polygon/pt/19/x,polygon/pt/19/y,polygon/pt/20/x,polygon/pt/20/y,polygon/pt/21/x,polygon/pt/21/y,polygon/pt/22/x,polygon/pt/22/y,polygon/pt/23/x,polygon/pt/23/y,polygon/pt/24/x,polygon/pt/24/y,polygon/pt/25/x,polygon/pt/25/y,polygon/pt/26/x,polygon/pt/26/y,polygon/pt/27/x,polygon/pt/27/y,polygon/pt/28/x,polygon/pt/28/y,polygon/pt/29/x,polygon/pt/29/y,polygon/pt/30/x,polygon/pt/30/y,polygon/pt/31/x,polygon/pt/31/y,polygon/pt/32/x,polygon/pt/32/y,polygon/pt/33/x,polygon/pt/33/y,polygon/pt/34/x,polygon/pt/34/y,polygon/pt/35/x,polygon/pt/35/y,polygon/pt/36/x,polygon/pt/36/y,polygon/pt/37/x,polygon/pt/37/y,polygon/pt/38/x,polygon/pt/38/y,polygon/pt/39/x,polygon/pt/39/y,polygon/pt/40/x,polygon/pt/40/y,polygon/pt/41/x,polygon/pt/41/y,polygon/pt/42/x,polygon/pt/42/y,polygon/pt/43/x,polygon/pt/43/y,polygon/pt/44/x,polygon/pt/44/y,polygon/pt/45/x,polygon/pt/45/y,polygon/pt/46/x,polygon/pt/46/y,polygon/pt/47/x,polygon/pt/47/y,polygon/pt/48/x,polygon/pt/48/y,polygon/pt/49/x,polygon/pt/49/y,polygon/pt/50/x,polygon/pt/50/y,polygon/pt/51/x,polygon/pt/51/y,polygon/pt/52/x,polygon/pt/52/y,polygon/pt/53/x,polygon/pt/53/y,polygon/pt/54/x,polygon/pt/54/y,polygon/pt/55/x,polygon/pt/55/y,polygon/pt/56/x,polygon/pt/56/y,polygon/pt/57/x,polygon/pt/57/y,polygon/pt/58/x,polygon/pt/58/y,polygon/pt/59/x,polygon/pt/59/y,polygon/pt/60/x,polygon/pt/60/y,polygon/pt/61/x,polygon/pt/61/y,polygon/pt/62/x,polygon/pt/62/y,polygon/pt/63/x,polygon/pt/63/y,polygon/pt/64/x,polygon/pt/64/y,polygon/pt/65/x,polygon/pt/65/y,polygon/pt/66/x,polygon/pt/66/y,polygon/pt/67/x,polygon/pt/67/y,polygon/pt/68/x,polygon/pt/68/y,polygon/pt/69/x,polygon/pt/69/y,polygon/pt/70/x,polygon/pt/70/y,polygon/pt/71/x,polygon/pt/71/y,polygon/pt/72/x,polygon/pt/72/y,polygon/pt/73/x,polygon/pt/73/y,polygon/pt/74/x,polygon/pt/74/y,polygon/pt/75/x,polygon/pt/75/y,polygon/pt/76/x,polygon/pt/76/y,polygon/pt/77/x,polygon/pt/77/y,polygon/pt/78/x,polygon/pt/78/y,polygon/pt/79/x,polygon/pt/79/y,polygon/pt/80/x,polygon/pt/80/y,polygon/pt/81/x,polygon/pt/81/y,polygon/pt/82/x,polygon/pt/82/y,polygon/pt/83/x,polygon/pt/83/y,polygon/pt/84/x,polygon/pt/84/y,polygon/pt/85/x,polygon/pt/85/y,polygon/pt/86/x,polygon/pt/86/y,polygon/pt/87/x,polygon/pt/87/y,polygon/pt/88/x,polygon/pt/88/y,polygon/pt/89/x,polygon/pt/89/y,polygon/pt/90/x,polygon/pt/90/y,polygon/pt/91/x,polygon/pt/91/y,polygon/pt/92/x,polygon/pt/92/y,polygon/pt/93/x,polygon/pt/93/y,polygon/pt/94/x,polygon/pt/94/y,polygon/pt/95/x,polygon/pt/95/y,polygon/pt/96/x,polygon/pt/96/y,polygon/pt/97/x,polygon/pt/97/y,polygon/pt/98/x,polygon/pt/98/y,polygon/pt/99/x,polygon/pt/99/y,polygon/pt/100/x,polygon/pt/100/y,polygon/pt/101/x,polygon/pt/101/y,polygon/pt/102/x,polygon/pt/102/y,polygon/pt/103/x,polygon/pt/103/y,polygon/pt/104/x,polygon/pt/104/y,polygon/pt/105/x,polygon/pt/105/y,polygon/pt/106/x,polygon/pt/106/y,polygon/pt/107/x,polygon/pt/107/y,polygon/pt/108/x,polygon/pt/108/y,polygon/pt/109/x,polygon/pt/109/y,polygon/pt/110/x,polygon/pt/110/y,polygon/pt/111/x,polygon/pt/111/y,polygon/pt/112/x,polygon/pt/112/y,polygon/pt/113/x,polygon/pt/113/y,polygon/pt/114/x,polygon/pt/114/y,polygon/pt/115/x,polygon/pt/115/y,polygon/pt/116/x,polygon/pt/116/y,polygon/pt/117/x,polygon/pt/117/y,polygon/pt/118/x,polygon/pt/118/y,polygon/pt/119/x,polygon/pt/119/y,polygon/pt/120/x,polygon/pt/120/y,polygon/pt/121/x,polygon/pt/121/y,polygon/pt/122/x,polygon/pt/122/y,polygon/pt/123/x,polygon/pt/123/y,polygon/pt/124/x,polygon/pt/124/y,polygon/pt/125/x,polygon/pt/125/y,polygon/pt/126/x,polygon/pt/126/y,polygon/pt/127/x,polygon/pt/127/y,polygon/pt/128/x,polygon/pt/128/y,polygon/pt/129/x,polygon/pt/129/y,polygon/pt/130/x,polygon/pt/130/y,polygon/pt/131/x,polygon/pt/131/y,polygon/pt/132/x,polygon/pt/132/y,polygon/pt/133/x,polygon/pt/133/y,polygon/pt/134/x,polygon/pt/134/y,polygon/pt/135/x,polygon/pt/135/y,polygon/pt/136/x,polygon/pt/136/y,polygon/pt/137/x,polygon/pt/137/y,polygon/pt/138/x,polygon/pt/138/y,polygon/pt/139/x,polygon/pt/139/y,polygon/pt/140/x,polygon/pt/140/y,polygon/pt/141/x,polygon/pt/141/y,polygon/pt/142/x,polygon/pt/142/y,polygon/pt/143/x,polygon/pt/143/y,polygon/pt/144/x,polygon/pt/144/y,polygon/pt/145/x,polygon/pt/145/y,polygon/pt/146/x,polygon/pt/146/y,polygon/pt/147/x,polygon/pt/147/y,polygon/pt/148/x,polygon/pt/148/y,polygon/pt/149/x,polygon/pt/149/y,polygon/pt/150/x,polygon/pt/150/y,polygon/pt/151/x,polygon/pt/151/y,polygon/pt/152/x,polygon/pt/152/y,polygon/pt/153/x,polygon/pt/153/y,polygon/pt/154/x,polygon/pt/154/y,polygon/pt/155/x,polygon/pt/155/y,polygon/pt/156/x,polygon/pt/156/y,polygon/pt/157/x,polygon/pt/157/y,polygon/pt/158/x,polygon/pt/158/y,polygon/pt/159/x,polygon/pt/159/y,polygon/pt/160/x,polygon/pt/160/y,polygon/pt/161/x,polygon/pt/161/y,polygon/pt/162/x,polygon/pt/162/y,polygon/pt/163/x,polygon/pt/163/y,polygon/pt/164/x,polygon/pt/164/y,polygon/pt/165/x,polygon/pt/165/y,polygon/pt/166/x,polygon/pt/166/y,polygon/pt/167/x,polygon/pt/167/y,polygon/pt/168/x,polygon/pt/168/y,polygon/pt/169/x,polygon/pt/169/y,polygon/pt/170/x,polygon/pt/170/y,polygon/pt/171/x,polygon/pt/171/y,polygon/pt/172/x,polygon/pt/172/y,polygon/pt/173/x,polygon/pt/173/y,polygon/pt/174/x,polygon/pt/174/y,polygon/pt/175/x,polygon/pt/175/y,polygon/pt/176/x,polygon/pt/176/y,polygon/pt/177/x,polygon/pt/177/y,polygon/pt/178/x,polygon/pt/178/y,polygon/pt/179/x,polygon/pt/179/y,polygon/pt/180/x,polygon/pt/180/y,polygon/pt/181/x,polygon/pt/181/y,polygon/pt/182/x,polygon/pt/182/y,polygon/pt/183/x,polygon/pt/183/y,polygon/pt/184/x,polygon/pt/184/y,polygon/pt/185/x,polygon/pt/185/y,polygon/pt/186/x,polygon/pt/186/y,polygon/pt/187/x,polygon/pt/187/y,polygon/pt/188/x,polygon/pt/188/y,polygon/pt/189/x,polygon/pt/189/y
bull,0,0,,"angry, mean, strong , scared",,,25-Jul-2019 09:08:43,0,A3ISOGMY4IZJQ8,171,40,178,55,175,66,170,70,157,69,144,69,132,71,124,63,123,54,125,45,128,38,120,36,115,50,112,72,120,79,129,84,138,87,144,100,149,108,146,115,137,145,136,153,141,158,146,162,146,167,144,173,141,182,152,182,166,175,174,175,194,184,204,191,217,206,229,227,244,262,245,282,245,314,245,320,264,324,262,300,262,279,261,261,258,240,257,229,254,221,252,220,260,184,264,167,262,142,260,121,252,97,237,84,225,82,219,80,217,63,207,71,199,75,186,74,190,61,181,46,,,,,,,,,,,,,,,,,,,,,,,,,,,,,,,,,,,,,,,,,,,,,,,,,,,,,,,,,,,,,,,,,,,,,,,,,,,,,,,,,,,,,,,,,,,,,,,,,,,,,,,,,,,,,,,,,,,,,,,,,,,,,,,,,,,,,,,,,,,,,,,,,,,,,,,,,,,,,,,,,,,,,,,,,,,,,,,,,,,,,,,,,,,,,,,,,,,,,,,,,,,,,,,,,,,,,,,,,,,,,,,,,,,,,,,,,,,,,,,,,,,,,,,,,,,,,,,,,,,,
face,0,0,,"worried, scared, tear drop shaped",,,25-Jul-2019 09:09:50,1,A3ISOGMY4IZJQ8,947,90,918,107,889,113,855,117,813,117,791,142,793,161,796,187,812,190,812,198,821,199,827,204,821,204,821,211,825,228,831,235,860,227,876,220,895,195,916,162,929,140,945,108,,,,,,,,,,,,,,,,,,,,,,,,,,,,,,,,,,,,,,,,,,,,,,,,,,,,,,,,,,,,,,,,,,,,,,,,,,,,,,,,,,,,,,,,,,,,,,,,,,,,,,,,,,,,,,,,,,,,,,,,,,,,,,,,,,,,,,,,,,,,,,,,,,,,,,,,,,,,,,,,,,,,,,,,,,,,,,,,,,,,,,,,,,,,,,,,,,,,,,,,,,,,,,,,,,,,,,,,,,,,,,,,,,,,,,,,,,,,,,,,,,,,,,,,,,,,,,,,,,,,,,,,,,,,,,,,,,,,,,,,,,,,,,,,,,,,,,,,,,,,,,,,,,,,,,,,,,,,,,,,,,,,,,,,,,,,,,,,
light,0,0,,"eye shaped, spiky edges",,,25-Jul-2019 09:11:01,2,A3ISOGMY4IZJQ8,513,24,447,11,424,17,395,28,360,42,348,45,362,49,344,61,375,58,372,79,397,63,398,82,410,69,439,87,444,74,447,87,455,79,457,90,460,82,482,91,480,74,507,92,498,75,527,87,513,71,552,79,526,63,564,62,544,49,574,47,539,41,,,,,,,,,,,,,,,,,,,,,,,,,,,,,,,,,,,,,,,,,,,,,,,,,,,,,,,,,,,,,,,,,,,,,,,,,,,,,,,,,,,,,,,,,,,,,,,,,,,,,,,,,,,,,,,,,,,,,,,,,,,,,,,,,,,,,,,,,,,,,,,,,,,,,,,,,,,,,,,,,,,,,,,,,,,,,,,,,,,,,,,,,,,,,,,,,,,,,,,,,,,,,,,,,,,,,,,,,,,,,,,,,,,,,,,,,,,,,,,,,,,,,,,,,,,,,,,,,,,,,,,,,,,,,,,,,,,,,,,,,,,,,,,,,,,,,,,,,,,,,,,,,,,,,,,,,,,,,,
horse face,0,0,,"mouth open, scared,",,,25-Jul-2019 09:12:27,3,A3ISOGMY4IZJQ8,513,171,470,183,431,195,414,192,410,177,411,158,410,140,407,124,391,115,410,101,424,97,430,105,464,113,494,129,507,128,515,119,518,104,528,108,531,111,542,107,548,132,553,142,565,163,584,192,599,221,613,249,614,261,574,254,555,245,539,235,534,187,,,,,,,,,,,,,,,,,,,,,,,,,,,,,,,,,,,,,,,,,,,,,,,,,,,,,,,,,,,,,,,,,,,,,,,,,,,,,,,,,,,,,,,,,,,,,,,,,,,,,,,,,,,,,,,,,,,,,,,,,,,,,,,,,,,,,,,,,,,,,,,,,,,,,,,,,,,,,,,,,,,,,,,,,,,,,,,,,,,,,,,,,,,,,,,,,,,,,,,,,,,,,,,,,,,,,,,,,,,,,,,,,,,,,,,,,,,,,,,,,,,,,,,,,,,,,,,,,,,,,,,,,,,,,,,,,,,,,,,,,,,,,,,,,,,,,,,,,,,,,,,,,,,,,,,,,,,,,,
hand holding candle,0,0,,flame is burning. holding out in front of arm,,,25-Jul-2019 09:13:21,4,A3ISOGMY4IZJQ8,584,55,594,75,593,90,588,100,592,115,592,130,615,129,651,112,711,103,760,100,859,76,910,58,921,62,895,88,863,104,846,111,818,117,784,133,763,142,730,146,692,148,656,150,615,153,596,153,592,163,590,177,577,178,570,173,565,150,565,129,568,123,569,112,570,95,570,83,570,63,,,,,,,,,,,,,,,,,,,,,,,,,,,,,,,,,,,,,,,,,,,,,,,,,,,,,,,,,,,,,,,,,,,,,,,,,,,,,,,,,,,,,,,,,,,,,,,,,,,,,,,,,,,,,,,,,,,,,,,,,,,,,,,,,,,,,,,,,,,,,,,,,,,,,,,,,,,,,,,,,,,,,,,,,,,,,,,,,,,,,,,,,,,,,,,,,,,,,,,,,,,,,,,,,,,,,,,,,,,,,,,,,,,,,,,,,,,,,,,,,,,,,,,,,,,,,,,,,,,,,,,,,,,,,,,,,,,,,,,,,,,,,,,,,,,,,,,,,,,,,,,,,,,,,,
arm with broken dagger,0,0,,"broken, damaged, shattered, broken dagger, gray, pale,",,,25-Jul-2019 09:23:26,5,A1STWPAYOSCOSH,472,494,482,494,480,494,489,493,540,500,566,505,592,506,606,508,631,507,640,506,649,496,658,495,668,494,679,494,683,486,690,490,689,490,695,488,707,484,717,480,721,475,726,474,731,476,729,480,748,480,739,489,730,492,720,498,710,503,705,505,697,509,694,510,702,526,702,530,688,521,688,523,684,523,684,529,677,540,671,538,671,539,665,543,660,547,653,543,647,536,644,535,637,540,629,545,630,551,627,555,622,555,614,551,611,545,611,535,616,533,609,535,589,538,560,541,539,543,523,542,507,538,492,529,483,521,474,511,472,501,,,,,,,,,,,,,,,,,,,,,,,,,,,,,,,,,,,,,,,,,,,,,,,,,,,,,,,,,,,,,,,,,,,,,,,,,,,,,,,,,,,,,,,,,,,,,,,,,,,,,,,,,,,,,,,,,,,,,,,,,,,,,,,,,,,,,,,,,,,,,,,,,,,,,,,,,,,,,,,,,,,,,,,,,,,,,,,,,,,,,,,,,,,,,,,,,,,,,,,,,,,,,,,,,,,,,,,,,,,,,,,,,,,,,,,,,,,,,,,,,,,,,,,,,,
tail,0,0,,"wiry, tail, horse tail,",,,25-Jul-2019 09:26:08,6,A1STWPAYOSCOSH,412,286,376,309,360,310,318,326,312,347,298,383,298,367,286,382,292,360,282,333,280,325,279,302,285,291,295,282,312,276,330,276,347,280,360,285,376,286,395,286,406,286,,,,,,,,,,,,,,,,,,,,,,,,,,,,,,,,,,,,,,,,,,,,,,,,,,,,,,,,,,,,,,,,,,,,,,,,,,,,,,,,,,,,,,,,,,,,,,,,,,,,,,,,,,,,,,,,,,,,,,,,,,,,,,,,,,,,,,,,,,,,,,,,,,,,,,,,,,,,,,,,,,,,,,,,,,,,,,,,,,,,,,,,,,,,,,,,,,,,,,,,,,,,,,,,,,,,,,,,,,,,,,,,,,,,,,,,,,,,,,,,,,,,,,,,,,,,,,,,,,,,,,,,,,,,,,,,,,,,,,,,,,,,,,,,,,,,,,,,,,,,,,,,,,,,,,,,,,,,,,,,,,,,,,,,,,,,,,,,,,
severed head,0,0,,"anguish, death, darkness, disturbing, beheaded, severed",,,25-Jul-2019 09:27:34,7,A1STWPAYOSCOSH,208,450,193,475,194,502,205,524,224,539,237,542,254,538,270,527,285,514,293,498,301,482,310,485,319,488,327,497,335,504,356,486,345,440,340,440,329,463,319,461,307,455,295,437,284,434,270,432,265,435,261,441,262,446,264,455,257,446,254,441,252,443,244,447,238,452,239,461,231,461,226,458,221,449,218,446,,,,,,,,,,,,,,,,,,,,,,,,,,,,,,,,,,,,,,,,,,,,,,,,,,,,,,,,,,,,,,,,,,,,,,,,,,,,,,,,,,,,,,,,,,,,,,,,,,,,,,,,,,,,,,,,,,,,,,,,,,,,,,,,,,,,,,,,,,,,,,,,,,,,,,,,,,,,,,,,,,,,,,,,,,,,,,,,,,,,,,,,,,,,,,,,,,,,,,,,,,,,,,,,,,,,,,,,,,,,,,,,,,,,,,,,,,,,,,,,,,,,,,,,,,,,,,,,,,,,,,,,,,,,,,,,,,,,,,,,,,,,,,,,,,,,,,,,,,,,,,,,
mother holding her deceased child,0,0,,"anguish, sadness, despair, death, heart break, turmoil,",,,25-Jul-2019 09:29:31,8,A1STWPAYOSCOSH,110,191,106,227,94,253,48,347,35,353,26,372,23,395,34,409,56,413,70,403,72,392,79,386,84,385,66,434,76,437,112,440,140,440,165,438,182,438,191,437,189,425,183,410,199,425,202,418,194,405,193,397,201,396,199,390,188,382,208,383,210,376,199,370,193,371,191,365,196,360,208,360,203,347,192,347,175,349,163,340,148,325,151,316,145,310,142,310,132,297,122,276,120,258,125,241,133,231,139,244,143,260,147,276,150,283,153,297,158,300,163,292,173,282,179,271,184,255,180,239,187,234,194,224,193,206,182,190,171,180,169,176,161,181,162,187,156,184,150,185,150,192,145,199,141,199,136,197,132,192,133,186,129,185,123,187,123,191,,,,,,,,,,,,,,,,,,,,,,,,,,,,,,,,,,,,,,,,,,,,,,,,,,,,,,,,,,,,,,,,,,,,,,,,,,,,,,,,,,,,,,,,,,,,,,,,,,,,,,,,,,,,,,,,,,,,,,,,,,,,,,,,,,,,,,,,,,,,,,,,,,,,,,,,,,,,,,,,,,,,,,,,,,,,,,,,,,,,,,,,,,,,,,,,,,,,,,,,,,,,,,,,,,,,,,,,,,,,,,
bull,0,0,,"horns, mad, angry",,,25-Jul-2019 09:35:23,9,A3F69R5AE77SOL,208,139,643,519,844,195,1061,453,1116,186,847,189,,,,,,,,,,,,,,,,,,,,,,,,,,,,,,,,,,,,,,,,,,,,,,,,,,,,,,,,,,,,,,,,,,,,,,,,,,,,,,,,,,,,,,,,,,,,,,,,,,,,,,,,,,,,,,,,,,,,,,,,,,,,,,,,,,,,,,,,,,,,,,,,,,,,,,,,,,,,,,,,,,,,,,,,,,,,,,,,,,,,,,,,,,,,,,,,,,,,,,,,,,,,,,,,,,,,,,,,,,,,,,,,,,,,,,,,,,,,,,,,,,,,,,,,,,,,,,,,,,,,,,,,,,,,,,,,,,,,,,,,,,,,,,,,,,,,,,,,,,,,,,,,,,,,,,,,,,,,,,,,,,,,,,,,,,,,,,,,,,,,,,,,,,,,,,,,,,,,,,,,,,,,,,,,
hand,0,0,,"arm, body, anatomy",,,25-Jul-2019 10:00:19,10,A2HC04434S9TP0,109,481,108,460,104,453,95,465,91,467,81,460,74,456,66,445,62,437,51,443,55,460,57,472,49,471,45,463,34,455,26,454,2,453,20,461,22,471,12,471,14,478,31,481,35,486,20,486,18,498,20,506,35,516,41,516,40,524,57,526,62,526,73,523,96,512,107,508,109,498,,,,,,,,,,,,,,,,,,,,,,,,,,,,,,,,,,,,,,,,,,,,,,,,,,,,,,,,,,,,,,,,,,,,,,,,,,,,,,,,,,,,,,,,,,,,,,,,,,,,,,,,,,,,,,,,,,,,,,,,,,,,,,,,,,,,,,,,,,,,,,,,,,,,,,,,,,,,,,,,,,,,,,,,,,,,,,,,,,,,,,,,,,,,,,,,,,,,,,,,,,,,,,,,,,,,,,,,,,,,,,,,,,,,,,,,,,,,,,,,,,,,,,,,,,,,,,,,,,,,,,,,,,,,,,,,,,,,,,,,,,,,,,,,,,,,,,,,,,,,,,,,,,,,,,
leg,0,0,,"foot, grey, toes",,,25-Jul-2019 10:00:57,11,A2HC04434S9TP0,876,441,884,462,891,478,886,491,873,496,872,493,868,491,868,500,860,498,852,493,852,492,852,505,854,508,848,509,842,522,851,523,849,532,854,534,856,544,872,546,896,538,899,522,905,517,923,526,937,520,929,508,926,503,915,492,915,473,926,448,930,427,885,437,,,,,,,,,,,,,,,,,,,,,,,,,,,,,,,,,,,,,,,,,,,,,,,,,,,,,,,,,,,,,,,,,,,,,,,,,,,,,,,,,,,,,,,,,,,,,,,,,,,,,,,,,,,,,,,,,,,,,,,,,,,,,,,,,,,,,,,,,,,,,,,,,,,,,,,,,,,,,,,,,,,,,,,,,,,,,,,,,,,,,,,,,,,,,,,,,,,,,,,,,,,,,,,,,,,,,,,,,,,,,,,,,,,,,,,,,,,,,,,,,,,,,,,,,,,,,,,,,,,,,,,,,,,,,,,,,,,,,,,,,,,,,,,,,,,,,,,,,,,,,,,,,,,,,,,,,,,,
window,0,0,,"brown, rectangle, small",,,25-Jul-2019 10:01:30,12,A2HC04434S9TP0,1088,56,1090,101,1124,101,1139,99,1140,45,1129,53,,,,,,,,,,,,,,,,,,,,,,,,,,,,,,,,,,,,,,,,,,,,,,,,,,,,,,,,,,,,,,,,,,,,,,,,,,,,,,,,,,,,,,,,,,,,,,,,,,,,,,,,,,,,,,,,,,,,,,,,,,,,,,,,,,,,,,,,,,,,,,,,,,,,,,,,,,,,,,,,,,,,,,,,,,,,,,,,,,,,,,,,,,,,,,,,,,,,,,,,,,,,,,,,,,,,,,,,,,,,,,,,,,,,,,,,,,,,,,,,,,,,,,,,,,,,,,,,,,,,,,,,,,,,,,,,,,,,,,,,,,,,,,,,,,,,,,,,,,,,,,,,,,,,,,,,,,,,,,,,,,,,,,,,,,,,,,,,,,,,,,,,,,,,,,,,,,,,,,,,,,,,,,,,
triangle,0,0,,"geometry, math, dark grey",,,25-Jul-2019 10:02:01,13,A2HC04434S9TP0,1160,280,1182,269,1183,291,1179,297,,,,,,,,,,,,,,,,,,,,,,,,,,,,,,,,,,,,,,,,,,,,,,,,,,,,,,,,,,,,,,,,,,,,,,,,,,,,,,,,,,,,,,,,,,,,,,,,,,,,,,,,,,,,,,,,,,,,,,,,,,,,,,,,,,,,,,,,,,,,,,,,,,,,,,,,,,,,,,,,,,,,,,,,,,,,,,,,,,,,,,,,,,,,,,,,,,,,,,,,,,,,,,,,,,,,,,,,,,,,,,,,,,,,,,,,,,,,,,,,,,,,,,,,,,,,,,,,,,,,,,,,,,,,,,,,,,,,,,,,,,,,,,,,,,,,,,,,,,,,,,,,,,,,,,,,,,,,,,,,,,,,,,,,,,,,,,,,,,,,,,,,,,,,,,,,,,,,,,,,,,,,,,,,,,,,
toe,0,0,,"grey, foot, leg, round",,,25-Jul-2019 10:02:31,14,A2HC04434S9TP0,1176,511,1171,524,1172,534,1183,541,1189,540,1191,516,,,,,,,,,,,,,,,,,,,,,,,,,,,,,,,,,,,,,,,,,,,,,,,,,,,,,,,,,,,,,,,,,,,,,,,,,,,,,,,,,,,,,,,,,,,,,,,,,,,,,,,,,,,,,,,,,,,,,,,,,,,,,,,,,,,,,,,,,,,,,,,,,,,,,,,,,,,,,,,,,,,,,,,,,,,,,,,,,,,,,,,,,,,,,,,,,,,,,,,,,,,,,,,,,,,,,,,,,,,,,,,,,,,,,,,,,,,,,,,,,,,,,,,,,,,,,,,,,,,,,,,,,,,,,,,,,,,,,,,,,,,,,,,,,,,,,,,,,,,,,,,,,,,,,,,,,,,,,,,,,,,,,,,,,,,,,,,,,,,,,,,,,,,,,,,,,,,,,,,,,,,,,,,,
man,0,0,,"grey,small,surprise,big eye",,,25-Jul-2019 10:27:43,15,A1X9BD3KDIA2QB,1036,270,1018,115,1003,115,993,111,998,106,1008,110,1002,91,1003,79,1011,80,1016,94,1013,76,1019,71,1027,87,1030,72,1037,71,1041,85,1040,97,1059,93,1065,102,1050,109,1045,110,1044,128,1057,259,1066,259,1078,182,1072,150,1075,130,1080,120,1085,112,1097,116,1101,123,1104,126,1103,132,1101,138,1105,142,1110,141,1115,144,1117,153,1122,155,1125,142,1128,140,1140,143,1148,151,1155,163,1156,169,1159,177,1158,182,1155,196,1146,211,1136,215,1120,213,1106,202,1103,206,1102,222,1106,246,1108,261,1119,255,1139,239,1148,216,1160,193,1166,171,1178,152,1197,118,1178,114,1171,110,1169,100,1179,98,1186,100,1193,96,1197,91,1201,79,1209,77,1212,88,1211,93,1218,88,1222,96,1219,100,1217,102,1223,97,1231,99,1231,106,1226,110,1221,111,1230,122,1226,125,1216,126,1211,129,1187,178,1179,199,1142,271,,,,,,,,,,,,,,,,,,,,,,,,,,,,,,,,,,,,,,,,,,,,,,,,,,,,,,,,,,,,,,,,,,,,,,,,,,,,,,,,,,,,,,,,,,,,,,,,,,,,,,,,,,,,,,,,,,,,,,,,,,,,,,,,,,,,,,,,,,,,,,,,,,,,,,,,,,,,,,,,,,,,,,,,,,,,,,,,,,,,,,,,,,,,,,,,,,,,,,,,
women,0,0,,"looking, adult, curious, big, confuse, grey",,,25-Jul-2019 10:29:20,16,A1X9BD3KDIA2QB,1223,439,1200,439,1182,444,1168,443,1139,442,1117,438,1102,440,1081,437,1062,432,1042,420,1030,412,1021,412,1016,383,1008,369,993,359,984,360,975,345,980,332,965,318,942,312,923,313,893,309,872,308,853,307,836,304,817,288,814,271,814,261,809,245,804,239,798,237,788,234,776,239,767,242,757,249,756,250,758,254,755,259,751,257,745,259,746,263,748,268,742,267,739,267,739,273,740,277,738,277,728,279,729,285,742,300,757,312,771,317,797,329,833,342,846,345,837,343,833,349,825,355,829,367,834,373,846,376,822,370,815,372,809,379,807,388,808,401,810,414,809,433,811,447,812,455,815,458,828,458,840,458,837,436,836,410,839,398,845,403,853,413,859,417,860,426,863,436,868,445,869,454,881,466,883,475,884,483,885,491,879,493,873,495,860,495,863,500,863,501,852,494,847,494,852,505,852,506,850,511,845,516,845,522,849,527,853,530,853,538,862,548,869,549,889,542,900,535,904,522,908,523,921,527,936,521,923,504,914,496,917,481,921,465,927,441,928,433,934,432,938,431,943,432,948,429,952,427,962,426,967,431,969,436,986,438,998,439,1009,459,1014,469,1013,481,1026,516,1036,531,1053,534,1062,527,1070,521,1081,510,1087,501,1096,491,1106,486,1129,480,1138,474,1145,471,1160,473,1171,473,1180,477,1175,489,1170,504,1173,515,1173,519,1170,538,1181,543,1190,541,1193,534,1200,539,1201,537,1212,530,1216,517,1218,519,1232,523,1235,516,1232,508,1233,508,1242,503,1236,493,1223,482,1219,474,1220,470,1223,458,1230,451,1231,444,,,,,,,,,,,,,,,,,,,,,,,,,,,,,,,,,,,,,,,,,,
horse,0,0,,"confuse,looking,surprise, walking",,,25-Jul-2019 10:31:20,17,A1X9BD3KDIA2QB,629,261,602,217,597,210,586,191,578,172,574,164,563,141,561,137,552,125,549,116,549,110,546,105,544,104,534,104,527,103,519,101,515,113,513,116,508,125,498,124,489,124,481,120,459,107,455,105,442,101,427,97,422,95,409,98,400,110,395,114,390,123,398,130,405,137,407,145,411,160,410,170,411,182,415,190,417,199,444,199,462,193,469,189,481,183,511,184,521,186,530,214,531,224,531,227,532,236,514,234,496,229,473,221,460,221,443,222,426,222,413,224,401,231,393,236,388,246,381,261,387,274,390,278,388,280,375,279,370,279,364,280,356,277,348,277,340,278,337,278,331,277,322,277,317,277,312,277,301,287,298,292,292,295,284,308,280,315,281,329,286,345,292,359,289,369,285,375,284,386,299,373,300,374,303,376,302,377,309,341,322,327,326,324,351,316,367,312,378,313,347,341,342,355,357,382,367,387,370,390,372,393,376,401,384,414,388,428,390,435,396,446,402,469,409,489,428,500,428,506,420,515,422,527,436,538,453,546,454,542,458,502,457,497,433,479,419,427,415,404,415,394,416,389,423,397,441,409,459,411,474,412,480,410,492,409,506,397,512,391,518,386,520,383,524,393,530,394,540,394,547,393,565,396,577,398,594,399,600,410,598,436,601,444,602,447,602,452,602,458,598,460,592,465,586,468,573,465,568,463,546,448,542,444,527,435,518,428,507,415,502,412,499,411,496,412,488,422,486,435,490,456,495,458,503,455,507,452,511,456,515,462,533,474,549,481,578,491,590,495,616,497,630,493,641,483,642,467,638,454,634,444,628,436,625,419,626,397,625,383,628,372,629,370,630,370,640,366,647,357,653,348,658,324,657,303,650,287,642,273
smoke,0,0,,"grey,corner, abstract",,,25-Jul-2019 10:31:59,18,A1X9BD3KDIA2QB,47,156,42,148,42,138,42,133,46,128,49,125,71,117,81,111,91,91,87,84,74,80,68,75,55,66,44,61,35,60,25,62,18,52,14,45,9,43,7,51,12,73,20,87,32,87,46,87,45,105,38,113,32,127,29,139,28,148,30,168,,,,,,,,,,,,,,,,,,,,,,,,,,,,,,,,,,,,,,,,,,,,,,,,,,,,,,,,,,,,,,,,,,,,,,,,,,,,,,,,,,,,,,,,,,,,,,,,,,,,,,,,,,,,,,,,,,,,,,,,,,,,,,,,,,,,,,,,,,,,,,,,,,,,,,,,,,,,,,,,,,,,,,,,,,,,,,,,,,,,,,,,,,,,,,,,,,,,,,,,,,,,,,,,,,,,,,,,,,,,,,,,,,,,,,,,,,,,,,,,,,,,,,,,,,,,,,,,,,,,,,,,,,,,,,,,,,,,,,,,,,,,,,,,,,,,,,,,,,,,,,,,,,,,,,,,,,,,,,,,
flower,0,0,,"floor,small,beauty",,,25-Jul-2019 10:32:56,19,A1X9BD3KDIA2QB,692,480,669,466,669,460,670,454,670,444,665,446,663,445,661,437,655,438,654,447,654,444,648,443,646,452,649,456,650,463,659,464,658,466,654,478,656,480,663,475,,,,,,,,,,,,,,,,,,,,,,,,,,,,,,,,,,,,,,,,,,,,,,,,,,,,,,,,,,,,,,,,,,,,,,,,,,,,,,,,,,,,,,,,,,,,,,,,,,,,,,,,,,,,,,,,,,,,,,,,,,,,,,,,,,,,,,,,,,,,,,,,,,,,,,,,,,,,,,,,,,,,,,,,,,,,,,,,,,,,,,,,,,,,,,,,,,,,,,,,,,,,,,,,,,,,,,,,,,,,,,,,,,,,,,,,,,,,,,,,,,,,,,,,,,,,,,,,,,,,,,,,,,,,,,,,,,,,,,,,,,,,,,,,,,,,,,,,,,,,,,,,,,,,,,,,,,,,,,,,,,,,,,,,,,,,,,,,,,,,
triangles,0,0,,"teeth, top right, white, grey, pointy, spike",,,25-Jul-2019 10:35:04,20,AZ6XLXCXOT8BN,973,1,1003,28,1136,21,1126,2,1115,21,1103,21,1077,3,1082,23,1069,22,1032,1,1034,23,,,,,,,,,,,,,,,,,,,,,,,,,,,,,,,,,,,,,,,,,,,,,,,,,,,,,,,,,,,,,,,,,,,,,,,,,,,,,,,,,,,,,,,,,,,,,,,,,,,,,,,,,,,,,,,,,,,,,,,,,,,,,,,,,,,,,,,,,,,,,,,,,,,,,,,,,,,,,,,,,,,,,,,,,,,,,,,,,,,,,,,,,,,,,,,,,,,,,,,,,,,,,,,,,,,,,,,,,,,,,,,,,,,,,,,,,,,,,,,,,,,,,,,,,,,,,,,,,,,,,,,,,,,,,,,,,,,,,,,,,,,,,,,,,,,,,,,,,,,,,,,,,,,,,,,,,,,,,,,,,,,,,,,,,,,,,,,,,,,,,,,,,,,,,,,,,,,,,,
triangle tooth,0,0,,"gray, spike, point, middle right",,,25-Jul-2019 10:36:15,21,AZ6XLXCXOT8BN,1202,312,1205,278,1182,301,,,,,,,,,,,,,,,,,,,,,,,,,,,,,,,,,,,,,,,,,,,,,,,,,,,,,,,,,,,,,,,,,,,,,,,,,,,,,,,,,,,,,,,,,,,,,,,,,,,,,,,,,,,,,,,,,,,,,,,,,,,,,,,,,,,,,,,,,,,,,,,,,,,,,,,,,,,,,,,,,,,,,,,,,,,,,,,,,,,,,,,,,,,,,,,,,,,,,,,,,,,,,,,,,,,,,,,,,,,,,,,,,,,,,,,,,,,,,,,,,,,,,,,,,,,,,,,,,,,,,,,,,,,,,,,,,,,,,,,,,,,,,,,,,,,,,,,,,,,,,,,,,,,,,,,,,,,,,,,,,,,,,,,,,,,,,,,,,,,,,,,,,,,,,,,,,,,,,,,,,,,,,,,,,,,,,,
triangle,0,0,,"small, triangle, abstract, vague, unclear",,,25-Jul-2019 10:57:40,22,ZCgDVlkp5,1212,315,1226,306,1223,324,,,,,,,,,,,,,,,,,,,,,,,,,,,,,,,,,,,,,,,,,,,,,,,,,,,,,,,,,,,,,,,,,,,,,,,,,,,,,,,,,,,,,,,,,,,,,,,,,,,,,,,,,,,,,,,,,,,,,,,,,,,,,,,,,,,,,,,,,,,,,,,,,,,,,,,,,,,,,,,,,,,,,,,,,,,,,,,,,,,,,,,,,,,,,,,,,,,,,,,,,,,,,,,,,,,,,,,,,,,,,,,,,,,,,,,,,,,,,,,,,,,,,,,,,,,,,,,,,,,,,,,,,,,,,,,,,,,,,,,,,,,,,,,,,,,,,,,,,,,,,,,,,,,,,,,,,,,,,,,,,,,,,,,,,,,,,,,,,,,,,,,,,,,,,,,,,,,,,,,,,,,,,,,,,,,,,,
bulb,0,0,,"lightbulb, 2d, vague, basic, simple.",,,25-Jul-2019 10:59:20,23,ZCgDVlkp5,444,29,440,38,434,47,444,61,465,54,466,40,459,20,,,,,,,,,,,,,,,,,,,,,,,,,,,,,,,,,,,,,,,,,,,,,,,,,,,,,,,,,,,,,,,,,,,,,,,,,,,,,,,,,,,,,,,,,,,,,,,,,,,,,,,,,,,,,,,,,,,,,,,,,,,,,,,,,,,,,,,,,,,,,,,,,,,,,,,,,,,,,,,,,,,,,,,,,,,,,,,,,,,,,,,,,,,,,,,,,,,,,,,,,,,,,,,,,,,,,,,,,,,,,,,,,,,,,,,,,,,,,,,,,,,,,,,,,,,,,,,,,,,,,,,,,,,,,,,,,,,,,,,,,,,,,,,,,,,,,,,,,,,,,,,,,,,,,,,,,,,,,,,,,,,,,,,,,,,,,,,,,,,,,,,,,,,,,,,,,,,,,,,,,,,,,,
eye,0,0,,"eyeball, basic, 2d, figure, misplaced",,,25-Jul-2019 11:00:26,24,ZCgDVlkp5,195,118,213,113,222,121,209,123,,,,,,,,,,,,,,,,,,,,,,,,,,,,,,,,,,,,,,,,,,,,,,,,,,,,,,,,,,,,,,,,,,,,,,,,,,,,,,,,,,,,,,,,,,,,,,,,,,,,,,,,,,,,,,,,,,,,,,,,,,,,,,,,,,,,,,,,,,,,,,,,,,,,,,,,,,,,,,,,,,,,,,,,,,,,,,,,,,,,,,,,,,,,,,,,,,,,,,,,,,,,,,,,,,,,,,,,,,,,,,,,,,,,,,,,,,,,,,,,,,,,,,,,,,,,,,,,,,,,,,,,,,,,,,,,,,,,,,,,,,,,,,,,,,,,,,,,,,,,,,,,,,,,,,,,,,,,,,,,,,,,,,,,,,,,,,,,,,,,,,,,,,,,,,,,,,,,,,,,,,,,,,,,,,,,
snout,0,0,,"nose, snout, bull, 2d, nostrils",,,25-Jul-2019 11:02:13,25,ZCgDVlkp5,148,124,174,126,178,144,162,165,139,156,,,,,,,,,,,,,,,,,,,,,,,,,,,,,,,,,,,,,,,,,,,,,,,,,,,,,,,,,,,,,,,,,,,,,,,,,,,,,,,,,,,,,,,,,,,,,,,,,,,,,,,,,,,,,,,,,,,,,,,,,,,,,,,,,,,,,,,,,,,,,,,,,,,,,,,,,,,,,,,,,,,,,,,,,,,,,,,,,,,,,,,,,,,,,,,,,,,,,,,,,,,,,,,,,,,,,,,,,,,,,,,,,,,,,,,,,,,,,,,,,,,,,,,,,,,,,,,,,,,,,,,,,,,,,,,,,,,,,,,,,,,,,,,,,,,,,,,,,,,,,,,,,,,,,,,,,,,,,,,,,,,,,,,,,,,,,,,,,,,,,,,,,,,,,,,,,,,,,,,,,,,,,,,,,,
tail,0,0,,"tail, hair, flowing, thick, bushy",,,25-Jul-2019 11:03:05,26,ZCgDVlkp5,341,268,294,284,278,317,289,354,284,381,303,370,321,321,379,309,412,287,350,268,,,,,,,,,,,,,,,,,,,,,,,,,,,,,,,,,,,,,,,,,,,,,,,,,,,,,,,,,,,,,,,,,,,,,,,,,,,,,,,,,,,,,,,,,,,,,,,,,,,,,,,,,,,,,,,,,,,,,,,,,,,,,,,,,,,,,,,,,,,,,,,,,,,,,,,,,,,,,,,,,,,,,,,,,,,,,,,,,,,,,,,,,,,,,,,,,,,,,,,,,,,,,,,,,,,,,,,,,,,,,,,,,,,,,,,,,,,,,,,,,,,,,,,,,,,,,,,,,,,,,,,,,,,,,,,,,,,,,,,,,,,,,,,,,,,,,,,,,,,,,,,,,,,,,,,,,,,,,,,,,,,,,,,,,,,,,,,,,,,,,,,,,,,,,,,,,,,,,,,,
hand,0,0,,"number of lines on hand,righthand,its very rough",,,25-Jul-2019 11:45:24,27,:%20COPIEDA3UMDMF589FDPZ,71,484,,,,,,,,,,,,,,,,,,,,,,,,,,,,,,,,,,,,,,,,,,,,,,,,,,,,,,,,,,,,,,,,,,,,,,,,,,,,,,,,,,,,,,,,,,,,,,,,,,,,,,,,,,,,,,,,,,,,,,,,,,,,,,,,,,,,,,,,,,,,,,,,,,,,,,,,,,,,,,,,,,,,,,,,,,,,,,,,,,,,,,,,,,,,,,,,,,,,,,,,,,,,,,,,,,,,,,,,,,,,,,,,,,,,,,,,,,,,,,,,,,,,,,,,,,,,,,,,,,,,,,,,,,,,,,,,,,,,,,,,,,,,,,,,,,,,,,,,,,,,,,,,,,,,,,,,,,,,,,,,,,,,,,,,,,,,,,,,,,,,,,,,,,,,,,,,,,,,,,,,,,,,,,,,,,,,,,,,,,
light,0,0,,"the shape is like octopus,like a eye, bulb",,,25-Jul-2019 11:47:45,28,:%20COPIEDA3UMDMF589FDPZ,474,53,,,,,,,,,,,,,,,,,,,,,,,,,,,,,,,,,,,,,,,,,,,,,,,,,,,,,,,,,,,,,,,,,,,,,,,,,,,,,,,,,,,,,,,,,,,,,,,,,,,,,,,,,,,,,,,,,,,,,,,,,,,,,,,,,,,,,,,,,,,,,,,,,,,,,,,,,,,,,,,,,,,,,,,,,,,,,,,,,,,,,,,,,,,,,,,,,,,,,,,,,,,,,,,,,,,,,,,,,,,,,,,,,,,,,,,,,,,,,,,,,,,,,,,,,,,,,,,,,,,,,,,,,,,,,,,,,,,,,,,,,,,,,,,,,,,,,,,,,,,,,,,,,,,,,,,,,,,,,,,,,,,,,,,,,,,,,,,,,,,,,,,,,,,,,,,,,,,,,,,,,,,,,,,,,,,,,,,,,,
hand with candle,0,0,,"long hand,candle,flamefingers",,,25-Jul-2019 11:48:46,29,:%20COPIEDA3UMDMF589FDPZ,728,125,,,,,,,,,,,,,,,,,,,,,,,,,,,,,,,,,,,,,,,,,,,,,,,,,,,,,,,,,,,,,,,,,,,,,,,,,,,,,,,,,,,,,,,,,,,,,,,,,,,,,,,,,,,,,,,,,,,,,,,,,,,,,,,,,,,,,,,,,,,,,,,,,,,,,,,,,,,,,,,,,,,,,,,,,,,,,,,,,,,,,,,,,,,,,,,,,,,,,,,,,,,,,,,,,,,,,,,,,,,,,,,,,,,,,,,,,,,,,,,,,,,,,,,,,,,,,,,,,,,,,,,,,,,,,,,,,,,,,,,,,,,,,,,,,,,,,,,,,,,,,,,,,,,,,,,,,,,,,,,,,,,,,,,,,,,,,,,,,,,,,,,,,,,,,,,,,,,,,,,,,,,,,,,,,,,,,,,,,,
face,0,0,,"eyes,ears,mouth,nose",,,25-Jul-2019 11:50:49,30,:%20COPIEDA3UMDMF589FDPZ,923,133,,,,,,,,,,,,,,,,,,,,,,,,,,,,,,,,,,,,,,,,,,,,,,,,,,,,,,,,,,,,,,,,,,,,,,,,,,,,,,,,,,,,,,,,,,,,,,,,,,,,,,,,,,,,,,,,,,,,,,,,,,,,,,,,,,,,,,,,,,,,,,,,,,,,,,,,,,,,,,,,,,,,,,,,,,,,,,,,,,,,,,,,,,,,,,,,,,,,,,,,,,,,,,,,,,,,,,,,,,,,,,,,,,,,,,,,,,,,,,,,,,,,,,,,,,,,,,,,,,,,,,,,,,,,,,,,,,,,,,,,,,,,,,,,,,,,,,,,,,,,,,,,,,,,,,,,,,,,,,,,,,,,,,,,,,,,,,,,,,,,,,,,,,,,,,,,,,,,,,,,,,,,,,,,,,,,,,,,,,
horse face,0,0,,"teeth,nose,opened mouth,eyes",,,25-Jul-2019 11:54:05,31,:%20COPIEDA3UMDMF589FDPZ,461,145,,,,,,,,,,,,,,,,,,,,,,,,,,,,,,,,,,,,,,,,,,,,,,,,,,,,,,,,,,,,,,,,,,,,,,,,,,,,,,,,,,,,,,,,,,,,,,,,,,,,,,,,,,,,,,,,,,,,,,,,,,,,,,,,,,,,,,,,,,,,,,,,,,,,,,,,,,,,,,,,,,,,,,,,,,,,,,,,,,,,,,,,,,,,,,,,,,,,,,,,,,,,,,,,,,,,,,,,,,,,,,,,,,,,,,,,,,,,,,,,,,,,,,,,,,,,,,,,,,,,,,,,,,,,,,,,,,,,,,,,,,,,,,,,,,,,,,,,,,,,,,,,,,,,,,,,,,,,,,,,,,,,,,,,,,,,,,,,,,,,,,,,,,,,,,,,,,,,,,,,,,,,,,,,,,,,,,,,,,
human face,0,0,,"clear, horrified expression, right-side, looking forward, bald, curious",,,25-Jul-2019 12:03:45,32,A396GA8SHS2L41,849,164,,,,,,,,,,,,,,,,,,,,,,,,,,,,,,,,,,,,,,,,,,,,,,,,,,,,,,,,,,,,,,,,,,,,,,,,,,,,,,,,,,,,,,,,,,,,,,,,,,,,,,,,,,,,,,,,,,,,,,,,,,,,,,,,,,,,,,,,,,,,,,,,,,,,,,,,,,,,,,,,,,,,,,,,,,,,,,,,,,,,,,,,,,,,,,,,,,,,,,,,,,,,,,,,,,,,,,,,,,,,,,,,,,,,,,,,,,,,,,,,,,,,,,,,,,,,,,,,,,,,,,,,,,,,,,,,,,,,,,,,,,,,,,,,,,,,,,,,,,,,,,,,,,,,,,,,,,,,,,,,,,,,,,,,,,,,,,,,,,,,,,,,,,,,,,,,,,,,,,,,,,,,,,,,,,,,,,,,,,
mouth,0,0,,"white, scream, up side, small, strange",,,25-Jul-2019 12:06:53,33,A396GA8SHS2L41,1096,154,1093,140,1099,138,1112,147,1110,155,1100,163,1098,166,,,,,,,,,,,,,,,,,,,,,,,,,,,,,,,,,,,,,,,,,,,,,,,,,,,,,,,,,,,,,,,,,,,,,,,,,,,,,,,,,,,,,,,,,,,,,,,,,,,,,,,,,,,,,,,,,,,,,,,,,,,,,,,,,,,,,,,,,,,,,,,,,,,,,,,,,,,,,,,,,,,,,,,,,,,,,,,,,,,,,,,,,,,,,,,,,,,,,,,,,,,,,,,,,,,,,,,,,,,,,,,,,,,,,,,,,,,,,,,,,,,,,,,,,,,,,,,,,,,,,,,,,,,,,,,,,,,,,,,,,,,,,,,,,,,,,,,,,,,,,,,,,,,,,,,,,,,,,,,,,,,,,,,,,,,,,,,,,,,,,,,,,,,,,,,,,,,,,,,,,,,,,,
eye,0,0,,"goggle, looking helpless, looking upward, white, small",,,25-Jul-2019 12:08:33,34,A396GA8SHS2L41,1118,174,1129,191,1140,182,1134,177,1129,175,,,,,,,,,,,,,,,,,,,,,,,,,,,,,,,,,,,,,,,,,,,,,,,,,,,,,,,,,,,,,,,,,,,,,,,,,,,,,,,,,,,,,,,,,,,,,,,,,,,,,,,,,,,,,,,,,,,,,,,,,,,,,,,,,,,,,,,,,,,,,,,,,,,,,,,,,,,,,,,,,,,,,,,,,,,,,,,,,,,,,,,,,,,,,,,,,,,,,,,,,,,,,,,,,,,,,,,,,,,,,,,,,,,,,,,,,,,,,,,,,,,,,,,,,,,,,,,,,,,,,,,,,,,,,,,,,,,,,,,,,,,,,,,,,,,,,,,,,,,,,,,,,,,,,,,,,,,,,,,,,,,,,,,,,,,,,,,,,,,,,,,,,,,,,,,,,,,,,,,,,,,,,,,,,,
another eye,0,0,,"looking upward, scared, bulging, white, dark pupil",,,25-Jul-2019 12:09:59,35,A396GA8SHS2L41,1142,177,1142,160,1155,162,1156,174,,,,,,,,,,,,,,,,,,,,,,,,,,,,,,,,,,,,,,,,,,,,,,,,,,,,,,,,,,,,,,,,,,,,,,,,,,,,,,,,,,,,,,,,,,,,,,,,,,,,,,,,,,,,,,,,,,,,,,,,,,,,,,,,,,,,,,,,,,,,,,,,,,,,,,,,,,,,,,,,,,,,,,,,,,,,,,,,,,,,,,,,,,,,,,,,,,,,,,,,,,,,,,,,,,,,,,,,,,,,,,,,,,,,,,,,,,,,,,,,,,,,,,,,,,,,,,,,,,,,,,,,,,,,,,,,,,,,,,,,,,,,,,,,,,,,,,,,,,,,,,,,,,,,,,,,,,,,,,,,,,,,,,,,,,,,,,,,,,,,,,,,,,,,,,,,,,,,,,,,,,,,,,,,,,,,
arm,0,0,,"full of lines, strange shape, white and gray, extended in the floor, down.",,,25-Jul-2019 12:11:34,36,A396GA8SHS2L41,112,489,192,476,204,532,109,519,,,,,,,,,,,,,,,,,,,,,,,,,,,,,,,,,,,,,,,,,,,,,,,,,,,,,,,,,,,,,,,,,,,,,,,,,,,,,,,,,,,,,,,,,,,,,,,,,,,,,,,,,,,,,,,,,,,,,,,,,,,,,,,,,,,,,,,,,,,,,,,,,,,,,,,,,,,,,,,,,,,,,,,,,,,,,,,,,,,,,,,,,,,,,,,,,,,,,,,,,,,,,,,,,,,,,,,,,,,,,,,,,,,,,,,,,,,,,,,,,,,,,,,,,,,,,,,,,,,,,,,,,,,,,,,,,,,,,,,,,,,,,,,,,,,,,,,,,,,,,,,,,,,,,,,,,,,,,,,,,,,,,,,,,,,,,,,,,,,,,,,,,,,,,,,,,,,,,,,,,,,,,,,,,,,,
eye,0,0,,"vitreous, deadly look, down side, white iris, vertical position",,,25-Jul-2019 12:15:29,37,A396GA8SHS2L41,244,490,241,513,246,526,256,513,,,,,,,,,,,,,,,,,,,,,,,,,,,,,,,,,,,,,,,,,,,,,,,,,,,,,,,,,,,,,,,,,,,,,,,,,,,,,,,,,,,,,,,,,,,,,,,,,,,,,,,,,,,,,,,,,,,,,,,,,,,,,,,,,,,,,,,,,,,,,,,,,,,,,,,,,,,,,,,,,,,,,,,,,,,,,,,,,,,,,,,,,,,,,,,,,,,,,,,,,,,,,,,,,,,,,,,,,,,,,,,,,,,,,,,,,,,,,,,,,,,,,,,,,,,,,,,,,,,,,,,,,,,,,,,,,,,,,,,,,,,,,,,,,,,,,,,,,,,,,,,,,,,,,,,,,,,,,,,,,,,,,,,,,,,,,,,,,,,,,,,,,,,,,,,,,,,,,,,,,,,,,,,,,,,,
hoof,0,0,,"horse, foot, metal, bottom left",,,25-Jul-2019 12:47:27,38,AIN29LNXRARXY,285,520,287,530,305,527,316,527,320,530,321,534,318,534,314,535,306,532,298,531,292,531,286,531,273,529,282,538,288,540,296,542,305,543,318,547,328,548,330,549,336,542,339,531,337,524,333,522,328,520,322,520,316,517,306,516,300,518,296,519,,,,,,,,,,,,,,,,,,,,,,,,,,,,,,,,,,,,,,,,,,,,,,,,,,,,,,,,,,,,,,,,,,,,,,,,,,,,,,,,,,,,,,,,,,,,,,,,,,,,,,,,,,,,,,,,,,,,,,,,,,,,,,,,,,,,,,,,,,,,,,,,,,,,,,,,,,,,,,,,,,,,,,,,,,,,,,,,,,,,,,,,,,,,,,,,,,,,,,,,,,,,,,,,,,,,,,,,,,,,,,,,,,,,,,,,,,,,,,,,,,,,,,,,,,,,,,,,,,,,,,,,,,,,,,,,,,,,,,,,,,,,,,,,,,,,,,,,,,,,,,,,,,,,,,,,,,,,,,,,
horn,0,0,,"top left, pointed, bone",,,25-Jul-2019 12:51:35,39,AIN29LNXRARXY,172,87,166,73,177,58,165,33,187,47,190,61,187,74,,,,,,,,,,,,,,,,,,,,,,,,,,,,,,,,,,,,,,,,,,,,,,,,,,,,,,,,,,,,,,,,,,,,,,,,,,,,,,,,,,,,,,,,,,,,,,,,,,,,,,,,,,,,,,,,,,,,,,,,,,,,,,,,,,,,,,,,,,,,,,,,,,,,,,,,,,,,,,,,,,,,,,,,,,,,,,,,,,,,,,,,,,,,,,,,,,,,,,,,,,,,,,,,,,,,,,,,,,,,,,,,,,,,,,,,,,,,,,,,,,,,,,,,,,,,,,,,,,,,,,,,,,,,,,,,,,,,,,,,,,,,,,,,,,,,,,,,,,,,,,,,,,,,,,,,,,,,,,,,,,,,,,,,,,,,,,,,,,,,,,,,,,,,,,,,,,,,,,,,,,,,,,
right eye,0,0,,"open, stylized, top left",,,25-Jul-2019 12:52:43,40,AIN29LNXRARXY,153,107,166,103,173,110,165,114,,,,,,,,,,,,,,,,,,,,,,,,,,,,,,,,,,,,,,,,,,,,,,,,,,,,,,,,,,,,,,,,,,,,,,,,,,,,,,,,,,,,,,,,,,,,,,,,,,,,,,,,,,,,,,,,,,,,,,,,,,,,,,,,,,,,,,,,,,,,,,,,,,,,,,,,,,,,,,,,,,,,,,,,,,,,,,,,,,,,,,,,,,,,,,,,,,,,,,,,,,,,,,,,,,,,,,,,,,,,,,,,,,,,,,,,,,,,,,,,,,,,,,,,,,,,,,,,,,,,,,,,,,,,,,,,,,,,,,,,,,,,,,,,,,,,,,,,,,,,,,,,,,,,,,,,,,,,,,,,,,,,,,,,,,,,,,,,,,,,,,,,,,,,,,,,,,,,,,,,,,,,,,,,,,,,
left eye,0,0,,"open, stylized, gaze",,,25-Jul-2019 12:53:15,41,AIN29LNXRARXY,224,499,208,486,197,488,203,499,211,505,,,,,,,,,,,,,,,,,,,,,,,,,,,,,,,,,,,,,,,,,,,,,,,,,,,,,,,,,,,,,,,,,,,,,,,,,,,,,,,,,,,,,,,,,,,,,,,,,,,,,,,,,,,,,,,,,,,,,,,,,,,,,,,,,,,,,,,,,,,,,,,,,,,,,,,,,,,,,,,,,,,,,,,,,,,,,,,,,,,,,,,,,,,,,,,,,,,,,,,,,,,,,,,,,,,,,,,,,,,,,,,,,,,,,,,,,,,,,,,,,,,,,,,,,,,,,,,,,,,,,,,,,,,,,,,,,,,,,,,,,,,,,,,,,,,,,,,,,,,,,,,,,,,,,,,,,,,,,,,,,,,,,,,,,,,,,,,,,,,,,,,,,,,,,,,,,,,,,,,,,,,,,,,,,,
head,0,0,,"dead, overturned, children",,,25-Jul-2019 12:55:05,42,AIN29LNXRARXY,73,374,67,352,45,349,31,357,25,372,25,392,32,408,53,412,68,405,,,,,,,,,,,,,,,,,,,,,,,,,,,,,,,,,,,,,,,,,,,,,,,,,,,,,,,,,,,,,,,,,,,,,,,,,,,,,,,,,,,,,,,,,,,,,,,,,,,,,,,,,,,,,,,,,,,,,,,,,,,,,,,,,,,,,,,,,,,,,,,,,,,,,,,,,,,,,,,,,,,,,,,,,,,,,,,,,,,,,,,,,,,,,,,,,,,,,,,,,,,,,,,,,,,,,,,,,,,,,,,,,,,,,,,,,,,,,,,,,,,,,,,,,,,,,,,,,,,,,,,,,,,,,,,,,,,,,,,,,,,,,,,,,,,,,,,,,,,,,,,,,,,,,,,,,,,,,,,,,,,,,,,,,,,,,,,,,,,,,,,,,,,,,,,,,,,,,,,,,,
the top of a building,0,0,,"gray, angular, monochrome",,,25-Jul-2019 14:01:30,43,WorkerIDA13JDB1LY9ZTQY,638,48,637,108,673,100,708,99,722,100,748,98,816,84,,,,,,,,,,,,,,,,,,,,,,,,,,,,,,,,,,,,,,,,,,,,,,,,,,,,,,,,,,,,,,,,,,,,,,,,,,,,,,,,,,,,,,,,,,,,,,,,,,,,,,,,,,,,,,,,,,,,,,,,,,,,,,,,,,,,,,,,,,,,,,,,,,,,,,,,,,,,,,,,,,,,,,,,,,,,,,,,,,,,,,,,,,,,,,,,,,,,,,,,,,,,,,,,,,,,,,,,,,,,,,,,,,,,,,,,,,,,,,,,,,,,,,,,,,,,,,,,,,,,,,,,,,,,,,,,,,,,,,,,,,,,,,,,,,,,,,,,,,,,,,,,,,,,,,,,,,,,,,,,,,,,,,,,,,,,,,,,,,,,,,,,,,,,,,,,,,,,,,,,,,,,,,
part of a ruined building,0,0,,"gray, monochrome, tilted",,,25-Jul-2019 14:02:28,44,WorkerIDA13JDB1LY9ZTQY,639,158,639,261,663,258,685,267,708,286,723,302,725,320,730,342,730,347,750,346,763,350,767,356,770,367,815,343,779,324,771,326,740,334,744,309,728,284,737,272,739,266,752,253,766,240,678,150,,,,,,,,,,,,,,,,,,,,,,,,,,,,,,,,,,,,,,,,,,,,,,,,,,,,,,,,,,,,,,,,,,,,,,,,,,,,,,,,,,,,,,,,,,,,,,,,,,,,,,,,,,,,,,,,,,,,,,,,,,,,,,,,,,,,,,,,,,,,,,,,,,,,,,,,,,,,,,,,,,,,,,,,,,,,,,,,,,,,,,,,,,,,,,,,,,,,,,,,,,,,,,,,,,,,,,,,,,,,,,,,,,,,,,,,,,,,,,,,,,,,,,,,,,,,,,,,,,,,,,,,,,,,,,,,,,,,,,,,,,,,,,,,,,,,,,,,,,,,,,,,,,,,,,,,,,,,,,,,,,,,,,,,,,,,
a horse_s hoof,0,0,,"gray, tilted, bottom of image",,,25-Jul-2019 14:03:47,45,WorkerIDA13JDB1LY9ZTQY,798,503,761,505,761,527,789,537,804,539,,,,,,,,,,,,,,,,,,,,,,,,,,,,,,,,,,,,,,,,,,,,,,,,,,,,,,,,,,,,,,,,,,,,,,,,,,,,,,,,,,,,,,,,,,,,,,,,,,,,,,,,,,,,,,,,,,,,,,,,,,,,,,,,,,,,,,,,,,,,,,,,,,,,,,,,,,,,,,,,,,,,,,,,,,,,,,,,,,,,,,,,,,,,,,,,,,,,,,,,,,,,,,,,,,,,,,,,,,,,,,,,,,,,,,,,,,,,,,,,,,,,,,,,,,,,,,,,,,,,,,,,,,,,,,,,,,,,,,,,,,,,,,,,,,,,,,,,,,,,,,,,,,,,,,,,,,,,,,,,,,,,,,,,,,,,,,,,,,,,,,,,,,,,,,,,,,,,,,,,,,,,,,,,,,
a horse_s leg,0,0,,"gray, shaded, extended",,,25-Jul-2019 14:04:33,46,WorkerIDA13JDB1LY9ZTQY,772,374,786,445,797,492,781,498,761,501,764,479,765,471,760,462,752,445,748,417,744,384,714,374,722,350,737,349,756,351,767,355,771,364,,,,,,,,,,,,,,,,,,,,,,,,,,,,,,,,,,,,,,,,,,,,,,,,,,,,,,,,,,,,,,,,,,,,,,,,,,,,,,,,,,,,,,,,,,,,,,,,,,,,,,,,,,,,,,,,,,,,,,,,,,,,,,,,,,,,,,,,,,,,,,,,,,,,,,,,,,,,,,,,,,,,,,,,,,,,,,,,,,,,,,,,,,,,,,,,,,,,,,,,,,,,,,,,,,,,,,,,,,,,,,,,,,,,,,,,,,,,,,,,,,,,,,,,,,,,,,,,,,,,,,,,,,,,,,,,,,,,,,,,,,,,,,,,,,,,,,,,,,,,,,,,,,,,,,,,,,,,,,,,,,,,,,,,,,,,,,,,,,,,,,,,,,
a horse_s mouth,0,0,,"open, toothy, screaming",,,25-Jul-2019 14:05:12,47,WorkerIDA13JDB1LY9ZTQY,428,124,450,128,465,141,460,150,452,168,436,178,420,181,414,181,420,168,419,158,414,154,411,139,,,,,,,,,,,,,,,,,,,,,,,,,,,,,,,,,,,,,,,,,,,,,,,,,,,,,,,,,,,,,,,,,,,,,,,,,,,,,,,,,,,,,,,,,,,,,,,,,,,,,,,,,,,,,,,,,,,,,,,,,,,,,,,,,,,,,,,,,,,,,,,,,,,,,,,,,,,,,,,,,,,,,,,,,,,,,,,,,,,,,,,,,,,,,,,,,,,,,,,,,,,,,,,,,,,,,,,,,,,,,,,,,,,,,,,,,,,,,,,,,,,,,,,,,,,,,,,,,,,,,,,,,,,,,,,,,,,,,,,,,,,,,,,,,,,,,,,,,,,,,,,,,,,,,,,,,,,,,,,,,,,,,,,,,,,,,,,,,,,,,,,,,,,,,,,,,,,,
the lips of a person,0,0,,"closed, small, thin",,,25-Jul-2019 14:06:45,48,WorkerIDA13JDB1LY9ZTQY,35,374,52,372,51,372,43,368,,,,,,,,,,,,,,,,,,,,,,,,,,,,,,,,,,,,,,,,,,,,,,,,,,,,,,,,,,,,,,,,,,,,,,,,,,,,,,,,,,,,,,,,,,,,,,,,,,,,,,,,,,,,,,,,,,,,,,,,,,,,,,,,,,,,,,,,,,,,,,,,,,,,,,,,,,,,,,,,,,,,,,,,,,,,,,,,,,,,,,,,,,,,,,,,,,,,,,,,,,,,,,,,,,,,,,,,,,,,,,,,,,,,,,,,,,,,,,,,,,,,,,,,,,,,,,,,,,,,,,,,,,,,,,,,,,,,,,,,,,,,,,,,,,,,,,,,,,,,,,,,,,,,,,,,,,,,,,,,,,,,,,,,,,,,,,,,,,,,,,,,,,,,,,,,,,,,,,,,,,,,,,,,,,,,
testicles,0,0,,left_ brown_ big,,,25-Jul-2019 15:14:40,49,A25OEEJDN7EGJE,54,251,46,292,48,299,53,301,59,301,59,297,68,294,70,294,73,286,75,285,75,273,73,272,68,255,64,261,64,260,,,,,,,,,,,,,,,,,,,,,,,,,,,,,,,,,,,,,,,,,,,,,,,,,,,,,,,,,,,,,,,,,,,,,,,,,,,,,,,,,,,,,,,,,,,,,,,,,,,,,,,,,,,,,,,,,,,,,,,,,,,,,,,,,,,,,,,,,,,,,,,,,,,,,,,,,,,,,,,,,,,,,,,,,,,,,,,,,,,,,,,,,,,,,,,,,,,,,,,,,,,,,,,,,,,,,,,,,,,,,,,,,,,,,,,,,,,,,,,,,,,,,,,,,,,,,,,,,,,,,,,,,,,,,,,,,,,,,,,,,,,,,,,,,,,,,,,,,,,,,,,,,,,,,,,,,,,,,,,,,,,,,,,,,,,,,,,,,,,,,,,,,,,,,,
ear,0,0,,"small, left, round",,,25-Jul-2019 15:18:18,50,A25OEEJDN7EGJE,160,230,,,,,,,,,,,,,,,,,,,,,,,,,,,,,,,,,,,,,,,,,,,,,,,,,,,,,,,,,,,,,,,,,,,,,,,,,,,,,,,,,,,,,,,,,,,,,,,,,,,,,,,,,,,,,,,,,,,,,,,,,,,,,,,,,,,,,,,,,,,,,,,,,,,,,,,,,,,,,,,,,,,,,,,,,,,,,,,,,,,,,,,,,,,,,,,,,,,,,,,,,,,,,,,,,,,,,,,,,,,,,,,,,,,,,,,,,,,,,,,,,,,,,,,,,,,,,,,,,,,,,,,,,,,,,,,,,,,,,,,,,,,,,,,,,,,,,,,,,,,,,,,,,,,,,,,,,,,,,,,,,,,,,,,,,,,,,,,,,,,,,,,,,,,,,,,,,,,,,,,,,,,,,,,,,,,,,,,,,,
tongue,0,0,,"painful, twisted, gray",,,25-Jul-2019 15:23:23,51,A25OEEJDN7EGJE,519,148,497,142,479,138,465,142,451,144,445,148,440,149,430,153,425,158,427,162,430,163,433,162,442,166,444,166,453,171,466,169,469,167,492,161,507,160,512,158,514,158,,,,,,,,,,,,,,,,,,,,,,,,,,,,,,,,,,,,,,,,,,,,,,,,,,,,,,,,,,,,,,,,,,,,,,,,,,,,,,,,,,,,,,,,,,,,,,,,,,,,,,,,,,,,,,,,,,,,,,,,,,,,,,,,,,,,,,,,,,,,,,,,,,,,,,,,,,,,,,,,,,,,,,,,,,,,,,,,,,,,,,,,,,,,,,,,,,,,,,,,,,,,,,,,,,,,,,,,,,,,,,,,,,,,,,,,,,,,,,,,,,,,,,,,,,,,,,,,,,,,,,,,,,,,,,,,,,,,,,,,,,,,,,,,,,,,,,,,,,,,,,,,,,,,,,,,,,,,,,,,,,,,,,,,,,,,,,,,,,
hand,0,0,,"left_ broken, big",,,25-Jul-2019 15:25:17,52,A25OEEJDN7EGJE,953,378,945,390,940,393,949,395,954,400,962,407,967,415,971,424,976,436,986,436,990,435,995,436,1007,443,1012,454,1016,467,1025,470,1035,462,1032,458,1026,452,1022,448,1017,447,1036,449,1031,443,1027,436,1018,435,1027,435,1034,434,1038,427,1038,421,1027,421,1022,426,1018,426,1017,422,1025,425,1029,418,1029,416,1022,412,1014,412,1004,416,1002,412,1002,411,994,406,986,398,981,395,980,395,971,391,965,384,963,381,,,,,,,,,,,,,,,,,,,,,,,,,,,,,,,,,,,,,,,,,,,,,,,,,,,,,,,,,,,,,,,,,,,,,,,,,,,,,,,,,,,,,,,,,,,,,,,,,,,,,,,,,,,,,,,,,,,,,,,,,,,,,,,,,,,,,,,,,,,,,,,,,,,,,,,,,,,,,,,,,,,,,,,,,,,,,,,,,,,,,,,,,,,,,,,,,,,,,,,,,,,,,,,,,,,,,,,,,,,,,,,,,,,,,,,,,,,,,,,,,,,,,,,,,,,,,,,,,,,,,,,,,,,,,,,,,,,,,,,,,,,,
eye,0,0,,"closed, dying, left",,,25-Jul-2019 15:27:21,53,A25OEEJDN7EGJE,55,389,,,,,,,,,,,,,,,,,,,,,,,,,,,,,,,,,,,,,,,,,,,,,,,,,,,,,,,,,,,,,,,,,,,,,,,,,,,,,,,,,,,,,,,,,,,,,,,,,,,,,,,,,,,,,,,,,,,,,,,,,,,,,,,,,,,,,,,,,,,,,,,,,,,,,,,,,,,,,,,,,,,,,,,,,,,,,,,,,,,,,,,,,,,,,,,,,,,,,,,,,,,,,,,,,,,,,,,,,,,,,,,,,,,,,,,,,,,,,,,,,,,,,,,,,,,,,,,,,,,,,,,,,,,,,,,,,,,,,,,,,,,,,,,,,,,,,,,,,,,,,,,,,,,,,,,,,,,,,,,,,,,,,,,,,,,,,,,,,,,,,,,,,,,,,,,,,,,,,,,,,,,,,,,,,,,,,,,,,,
brick wall,0,0,,"centrally positioned, medium size, bricks",,,25-Jul-2019 15:33:00,54,A1GUNTMI2Y61IW,639,39,863,16,861,57,833,58,832,81,,,,,,,,,,,,,,,,,,,,,,,,,,,,,,,,,,,,,,,,,,,,,,,,,,,,,,,,,,,,,,,,,,,,,,,,,,,,,,,,,,,,,,,,,,,,,,,,,,,,,,,,,,,,,,,,,,,,,,,,,,,,,,,,,,,,,,,,,,,,,,,,,,,,,,,,,,,,,,,,,,,,,,,,,,,,,,,,,,,,,,,,,,,,,,,,,,,,,,,,,,,,,,,,,,,,,,,,,,,,,,,,,,,,,,,,,,,,,,,,,,,,,,,,,,,,,,,,,,,,,,,,,,,,,,,,,,,,,,,,,,,,,,,,,,,,,,,,,,,,,,,,,,,,,,,,,,,,,,,,,,,,,,,,,,,,,,,,,,,,,,,,,,,,,,,,,,,,,,,,,,,,,,,,,,
door,1,0,,"left, medium size, rectangular",,,25-Jul-2019 15:36:37,55,A1GUNTMI2Y61IW,1249,144,1200,155,1204,499,1245,554,,,,,,,,,,,,,,,,,,,,,,,,,,,,,,,,,,,,,,,,,,,,,,,,,,,,,,,,,,,,,,,,,,,,,,,,,,,,,,,,,,,,,,,,,,,,,,,,,,,,,,,,,,,,,,,,,,,,,,,,,,,,,,,,,,,,,,,,,,,,,,,,,,,,,,,,,,,,,,,,,,,,,,,,,,,,,,,,,,,,,,,,,,,,,,,,,,,,,,,,,,,,,,,,,,,,,,,,,,,,,,,,,,,,,,,,,,,,,,,,,,,,,,,,,,,,,,,,,,,,,,,,,,,,,,,,,,,,,,,,,,,,,,,,,,,,,,,,,,,,,,,,,,,,,,,,,,,,,,,,,,,,,,,,,,,,,,,,,,,,,,,,,,,,,,,,,,,,,,,,,,,,,,,,,,,,
body of a bull,0,0,,"left, dark grey, medium size",,,25-Jul-2019 15:42:21,56,A1GUNTMI2Y61IW,41,433,38,418,24,401,29,359,41,319,47,261,52,251,79,268,103,231,105,210,109,186,123,184,133,182,139,190,141,193,149,191,154,180,163,176,174,178,193,205,198,225,183,241,186,254,186,271,192,280,196,317,199,337,199,341,204,364,205,371,211,417,214,437,232,437,243,432,229,418,235,315,249,397,241,415,241,420,255,419,266,418,279,429,287,429,285,419,262,325,247,324,239,321,241,295,240,236,222,220,191,185,159,170,134,160,104,168,81,164,65,160,53,155,28,167,16,190,12,244,12,271,10,297,6,330,6,366,8,389,3,429,7,438,20,427,,,,,,,,,,,,,,,,,,,,,,,,,,,,,,,,,,,,,,,,,,,,,,,,,,,,,,,,,,,,,,,,,,,,,,,,,,,,,,,,,,,,,,,,,,,,,,,,,,,,,,,,,,,,,,,,,,,,,,,,,,,,,,,,,,,,,,,,,,,,,,,,,,,,,,,,,,,,,,,,,,,,,,,,,,,,,,,,,,,,,,,,,,,,,,,,,,,,,,,,,,,,,,,,,,,,,,,,,,,,,,,,,,,,,,,,,,,,,,,,,,,,
door,0,0,,"right, medium size, rectangular",,,25-Jul-2019 15:43:11,57,A1GUNTMI2Y61IW,1246,148,1205,155,1206,275,1208,437,1248,554,,,,,,,,,,,,,,,,,,,,,,,,,,,,,,,,,,,,,,,,,,,,,,,,,,,,,,,,,,,,,,,,,,,,,,,,,,,,,,,,,,,,,,,,,,,,,,,,,,,,,,,,,,,,,,,,,,,,,,,,,,,,,,,,,,,,,,,,,,,,,,,,,,,,,,,,,,,,,,,,,,,,,,,,,,,,,,,,,,,,,,,,,,,,,,,,,,,,,,,,,,,,,,,,,,,,,,,,,,,,,,,,,,,,,,,,,,,,,,,,,,,,,,,,,,,,,,,,,,,,,,,,,,,,,,,,,,,,,,,,,,,,,,,,,,,,,,,,,,,,,,,,,,,,,,,,,,,,,,,,,,,,,,,,,,,,,,,,,,,,,,,,,,,,,,,,,,,,,,,,,,,,,,,,,,
window,0,0,,"square, left, small",,,25-Jul-2019 15:46:50,58,A1GUNTMI2Y61IW,885,212,966,209,971,54,864,56,836,60,834,79,907,56,923,61,848,113,945,87,947,108,,,,,,,,,,,,,,,,,,,,,,,,,,,,,,,,,,,,,,,,,,,,,,,,,,,,,,,,,,,,,,,,,,,,,,,,,,,,,,,,,,,,,,,,,,,,,,,,,,,,,,,,,,,,,,,,,,,,,,,,,,,,,,,,,,,,,,,,,,,,,,,,,,,,,,,,,,,,,,,,,,,,,,,,,,,,,,,,,,,,,,,,,,,,,,,,,,,,,,,,,,,,,,,,,,,,,,,,,,,,,,,,,,,,,,,,,,,,,,,,,,,,,,,,,,,,,,,,,,,,,,,,,,,,,,,,,,,,,,,,,,,,,,,,,,,,,,,,,,,,,,,,,,,,,,,,,,,,,,,,,,,,,,,,,,,,,,,,,,,,,,,,,,,,,,,,,,,,,,
arrow pointing left,0,0,,"arrow, left, very small",,,25-Jul-2019 15:48:34,59,A1GUNTMI2Y61IW,401,474,364,454,362,460,345,437,371,434,368,441,404,459,,,,,,,,,,,,,,,,,,,,,,,,,,,,,,,,,,,,,,,,,,,,,,,,,,,,,,,,,,,,,,,,,,,,,,,,,,,,,,,,,,,,,,,,,,,,,,,,,,,,,,,,,,,,,,,,,,,,,,,,,,,,,,,,,,,,,,,,,,,,,,,,,,,,,,,,,,,,,,,,,,,,,,,,,,,,,,,,,,,,,,,,,,,,,,,,,,,,,,,,,,,,,,,,,,,,,,,,,,,,,,,,,,,,,,,,,,,,,,,,,,,,,,,,,,,,,,,,,,,,,,,,,,,,,,,,,,,,,,,,,,,,,,,,,,,,,,,,,,,,,,,,,,,,,,,,,,,,,,,,,,,,,,,,,,,,,,,,,,,,,,,,,,,,,,,,,,,,,,,,,,,,,,
skull,0,0,,a skull is lying on the floor,,,25-Jul-2019 16:16:18,60,A1BJD9845UDY0X,1091,354,,,,,,,,,,,,,,,,,,,,,,,,,,,,,,,,,,,,,,,,,,,,,,,,,,,,,,,,,,,,,,,,,,,,,,,,,,,,,,,,,,,,,,,,,,,,,,,,,,,,,,,,,,,,,,,,,,,,,,,,,,,,,,,,,,,,,,,,,,,,,,,,,,,,,,,,,,,,,,,,,,,,,,,,,,,,,,,,,,,,,,,,,,,,,,,,,,,,,,,,,,,,,,,,,,,,,,,,,,,,,,,,,,,,,,,,,,,,,,,,,,,,,,,,,,,,,,,,,,,,,,,,,,,,,,,,,,,,,,,,,,,,,,,,,,,,,,,,,,,,,,,,,,,,,,,,,,,,,,,,,,,,,,,,,,,,,,,,,,,,,,,,,,,,,,,,,,,,,,,,,,,,,,,,,,,,,,,,,,
flame,0,0,,"black and white, small, teardrop shaped",,,25-Jul-2019 19:40:04,61,ARZ9KWKL0P8ND,577,51,567,54,568,73,564,84,577,99,591,89,590,78,585,69,582,60,,,,,,,,,,,,,,,,,,,,,,,,,,,,,,,,,,,,,,,,,,,,,,,,,,,,,,,,,,,,,,,,,,,,,,,,,,,,,,,,,,,,,,,,,,,,,,,,,,,,,,,,,,,,,,,,,,,,,,,,,,,,,,,,,,,,,,,,,,,,,,,,,,,,,,,,,,,,,,,,,,,,,,,,,,,,,,,,,,,,,,,,,,,,,,,,,,,,,,,,,,,,,,,,,,,,,,,,,,,,,,,,,,,,,,,,,,,,,,,,,,,,,,,,,,,,,,,,,,,,,,,,,,,,,,,,,,,,,,,,,,,,,,,,,,,,,,,,,,,,,,,,,,,,,,,,,,,,,,,,,,,,,,,,,,,,,,,,,,,,,,,,,,,,,,,,,,,,,,,,,,
horses eye,0,0,,"black and white, very small, circular",,,25-Jul-2019 19:41:14,62,ARZ9KWKL0P8ND,516,130,520,137,516,143,510,137,,,,,,,,,,,,,,,,,,,,,,,,,,,,,,,,,,,,,,,,,,,,,,,,,,,,,,,,,,,,,,,,,,,,,,,,,,,,,,,,,,,,,,,,,,,,,,,,,,,,,,,,,,,,,,,,,,,,,,,,,,,,,,,,,,,,,,,,,,,,,,,,,,,,,,,,,,,,,,,,,,,,,,,,,,,,,,,,,,,,,,,,,,,,,,,,,,,,,,,,,,,,,,,,,,,,,,,,,,,,,,,,,,,,,,,,,,,,,,,,,,,,,,,,,,,,,,,,,,,,,,,,,,,,,,,,,,,,,,,,,,,,,,,,,,,,,,,,,,,,,,,,,,,,,,,,,,,,,,,,,,,,,,,,,,,,,,,,,,,,,,,,,,,,,,,,,,,,,,,,,,,,,,,,,,,,
hand of a person,0,0,,"left side of canvas, gray, small, half-star shaped.",,,25-Jul-2019 19:43:16,63,ARZ9KWKL0P8ND,99,366,102,347,111,338,114,347,110,357,114,347,124,344,124,352,120,359,135,357,135,363,120,371,120,379,121,388,115,385,107,378,104,387,100,389,,,,,,,,,,,,,,,,,,,,,,,,,,,,,,,,,,,,,,,,,,,,,,,,,,,,,,,,,,,,,,,,,,,,,,,,,,,,,,,,,,,,,,,,,,,,,,,,,,,,,,,,,,,,,,,,,,,,,,,,,,,,,,,,,,,,,,,,,,,,,,,,,,,,,,,,,,,,,,,,,,,,,,,,,,,,,,,,,,,,,,,,,,,,,,,,,,,,,,,,,,,,,,,,,,,,,,,,,,,,,,,,,,,,,,,,,,,,,,,,,,,,,,,,,,,,,,,,,,,,,,,,,,,,,,,,,,,,,,,,,,,,,,,,,,,,,,,,,,,,,,,,,,,,,,,,,,,,,,,,,,,,,,,,,,,,,,,,,,,,,,,,
doorway,0,0,,"white, small, rectangular, bright",,,25-Jul-2019 19:44:40,64,ARZ9KWKL0P8ND,977,326,978,244,953,240,953,314,,,,,,,,,,,,,,,,,,,,,,,,,,,,,,,,,,,,,,,,,,,,,,,,,,,,,,,,,,,,,,,,,,,,,,,,,,,,,,,,,,,,,,,,,,,,,,,,,,,,,,,,,,,,,,,,,,,,,,,,,,,,,,,,,,,,,,,,,,,,,,,,,,,,,,,,,,,,,,,,,,,,,,,,,,,,,,,,,,,,,,,,,,,,,,,,,,,,,,,,,,,,,,,,,,,,,,,,,,,,,,,,,,,,,,,,,,,,,,,,,,,,,,,,,,,,,,,,,,,,,,,,,,,,,,,,,,,,,,,,,,,,,,,,,,,,,,,,,,,,,,,,,,,,,,,,,,,,,,,,,,,,,,,,,,,,,,,,,,,,,,,,,,,,,,,,,,,,,,,,,,,,,,,,,,,,
ear,0,0,,"light grey, very small, roughly oval",,,25-Jul-2019 19:46:12,65,ARZ9KWKL0P8ND,882,121,887,141,884,149,873,149,867,129,867,119,,,,,,,,,,,,,,,,,,,,,,,,,,,,,,,,,,,,,,,,,,,,,,,,,,,,,,,,,,,,,,,,,,,,,,,,,,,,,,,,,,,,,,,,,,,,,,,,,,,,,,,,,,,,,,,,,,,,,,,,,,,,,,,,,,,,,,,,,,,,,,,,,,,,,,,,,,,,,,,,,,,,,,,,,,,,,,,,,,,,,,,,,,,,,,,,,,,,,,,,,,,,,,,,,,,,,,,,,,,,,,,,,,,,,,,,,,,,,,,,,,,,,,,,,,,,,,,,,,,,,,,,,,,,,,,,,,,,,,,,,,,,,,,,,,,,,,,,,,,,,,,,,,,,,,,,,,,,,,,,,,,,,,,,,,,,,,,,,,,,,,,,,,,,,,,,,,,,,,,,,,,,,,,,
arm,0,0,,"white, small, quadrilateral",,,25-Jul-2019 19:50:09,66,ARZ9KWKL0P8ND,847,312,916,329,933,354,954,373,943,389,902,359,,,,,,,,,,,,,,,,,,,,,,,,,,,,,,,,,,,,,,,,,,,,,,,,,,,,,,,,,,,,,,,,,,,,,,,,,,,,,,,,,,,,,,,,,,,,,,,,,,,,,,,,,,,,,,,,,,,,,,,,,,,,,,,,,,,,,,,,,,,,,,,,,,,,,,,,,,,,,,,,,,,,,,,,,,,,,,,,,,,,,,,,,,,,,,,,,,,,,,,,,,,,,,,,,,,,,,,,,,,,,,,,,,,,,,,,,,,,,,,,,,,,,,,,,,,,,,,,,,,,,,,,,,,,,,,,,,,,,,,,,,,,,,,,,,,,,,,,,,,,,,,,,,,,,,,,,,,,,,,,,,,,,,,,,,,,,,,,,,,,,,,,,,,,,,,,,,,,,,,,,,,,,,,,
