"filename","folder","source__sourceImage","source__sourceAnnotation","object__name","object__deleted","object__verified","object__occluded","object__attributes","object__parts__hasparts","object__parts__ispartof","object__date","object__id","object__polygon__username","object__polygon__pt__x","object__polygon__pt__y","imagesize__nrows","imagesize__ncols"
"17.jpg","art","The MIT-CSAIL database of objects and scenes","LabelMe Webtool","human","0","0","","male, blessing, happy","","","25-Jul-2019 09:14:16","0","A3KB2DY7SADI3Z","210","990","",""
"","","","","","","","","","","","","","","193","968","",""
"","","","","","","","","","","","","","","188","949","",""
"","","","","","","","","","","","","","","185","937","",""
"","","","","","","","","","","","","","","191","928","",""
"","","","","","","","","","","","","","","198","923","",""
"","","","","","","","","","","","","","","200","907","",""
"","","","","","","","","","","","","","","200","887","",""
"","","","","","","","","","","","","","","197","871","",""
"","","","","","","","","","","","","","","188","852","",""
"","","","","","","","","","","","","","","178","852","",""
"","","","","","","","","","","","","","","159","845","",""
"","","","","","","","","","","","","","","150","844","",""
"","","","","","","","","","","","","","","143","845","",""
"","","","","","","","","","","","","","","129","849","",""
"","","","","","","","","","","","","","","119","854","",""
"","","","","","","","","","","","","","","102","844","",""
"","","","","","","","","","","","","","","97","835","",""
"","","","","","","","","","","","","","","88","835","",""
"","","","","","","","","","","","","","","72","835","",""
"","","","","","","","","","","","","","","62","828","",""
"","","","","","","","","","","","","","","59","816","",""
"","","","","","","","","","","","","","","64","799","",""
"","","","","","","","","","","","","","","69","750","",""
"","","","","","","","","","","","","","","85","568","",""
"","","","","","","","","","","","","","","97","530","",""
"","","","","","","","","","","","","","","103","448","",""
"","","","","","","","","","","","","","","107","424","",""
"","","","","","","","","","","","","","","119","386","",""
"","","","","","","","","","","","","","","124","347","",""
"","","","","","","","","","","","","","","128","328","",""
"","","","","","","","","","","","","","","135","319","",""
"","","","","","","","","","","","","","","171","276","",""
"","","","","","","","","","","","","","","190","266","",""
"","","","","","","","","","","","","","","200","259","",""
"","","","","","","","","","","","","","","200","243","",""
"","","","","","","","","","","","","","","193","231","",""
"","","","","","","","","","","","","","","178","240","",""
"","","","","","","","","","","","","","","167","250","",""
"","","","","","","","","","","","","","","152","247","",""
"","","","","","","","","","","","","","","136","243","",""
"","","","","","","","","","","","","","","136","214","",""
"","","","","","","","","","","","","","","138","200","",""
"","","","","","","","","","","","","","","155","188","",""
"","","","","","","","","","","","","","","162","174","",""
"","","","","","","","","","","","","","","164","157","",""
"","","","","","","","","","","","","","","174","141","",""
"","","","","","","","","","","","","","","190","131","",""
"","","","","","","","","","","","","","","228","128","",""
"","","","","","","","","","","","","","","252","121","",""
"","","","","","","","","","","","","","","273","131","",""
"","","","","","","","","","","","","","","285","145","",""
"","","","","","","","","","","","","","","286","159","",""
"","","","","","","","","","","","","","","281","169","",""
"","","","","","","","","","","","","","","273","169","",""
"","","","","","","","","","","","","","","138","202","",""
"","","","","","","","","","","","","","","269","171","",""
"","","","","","","","","","","","","","","290","178","",""
"","","","","","","","","","","","","","","313","183","",""
"","","","","","","","","","","","","","","324","185","",""
"","","","","","","","","","","","","","","324","201","",""
"","","","","","","","","","","","","","","319","217","",""
"","","","","","","","","","","","","","","315","235","",""
"","","","","","","","","","","","","","","303","251","",""
"","","","","","","","","","","","","","","287","251","",""
"","","","","","","","","","","","","","","271","260","",""
"","","","","","","","","","","","","","","256","260","",""
"","","","","","","","","","","","","","","264","267","",""
"","","","","","","","","","","","","","","264","274","",""
"","","","","","","","","","","","","","","262","274","",""
"","","","","","","","","","","","","","","269","281","",""
"","","","","","","","","","","","","","","278","290","",""
"","","","","","","","","","","","","","","290","300","",""
"","","","","","","","","","","","","","","293","314","",""
"","","","","","","","","","","","","","","302","314","",""
"","","","","","","","","","","","","","","309","321","",""
"","","","","","","","","","","","","","","314","336","",""
"","","","","","","","","","","","","","","324","348","",""
"","","","","","","","","","","","","","","333","367","",""
"","","","","","","","","","","","","","","352","379","",""
"","","","","","","","","","","","","","","362","393","",""
"","","","","","","","","","","","","","","369","402","",""
"","","","","","","","","","","","","","","381","423","",""
"","","","","","","","","","","","","","","393","433","",""
"","","","","","","","","","","","","","","405","440","",""
"","","","","","","","","","","","","","","416","447","",""
"","","","","","","","","","","","","","","423","452","",""
"","","","","","","","","","","","","","","436","445","",""
"","","","","","","","","","","","","","","445","436","",""
"","","","","","","","","","","","","","","457","430","",""
"","","","","","","","","","","","","","","466","430","",""
"","","","","","","","","","","","","","","467","435","",""
"","","","","","","","","","","","","","","457","442","",""
"","","","","","","","","","","","","","","471","455","",""
"","","","","","","","","","","","","","","474","466","",""
"","","","","","","","","","","","","","","461","474","",""
"","","","","","","","","","","","","","","457","483","",""
"","","","","","","","","","","","","","","421","471","",""
"","","","","","","","","","","","","","","404","471","",""
"","","","","","","","","","","","","","","393","476","",""
"","","","","","","","","","","","","","","366","490","",""
"","","","","","","","","","","","","","","366","485","",""
"","","","","","","","","","","","","","","367","493","",""
"","","","","","","","","","","","","","","371","557","",""
"","","","","","","","","","","","","","","379","607","",""
"","","","","","","","","","","","","","","381","645","",""
"","","","","","","","","","","","","","","390","678","",""
"","","","","","","","","","","","","","","390","718","",""
"","","","","","","","","","","","","","","392","747","",""
"","","","","","","","","","","","","","","404","745","",""
"","","","","","","","","","","","","","","409","759","",""
"","","","","","","","","","","","","","","409","769","",""
"","","","","","","","","","","","","","","392","787","",""
"","","","","","","","","","","","","","","376","795","",""
"","","","","","","","","","","","","","","366","818","",""
"","","","","","","","","","","","","","","342","826","",""
"","","","","","","","","","","","","","","326","833","",""
"","","","","","","","","","","","","","","305","847","",""
"","","","","","","","","","","","","","","286","847","",""
"","","","","","","","","","","","","","","279","850","",""
"","","","","","","","","","","","","","","279","873","",""
"","","","","","","","","","","","","","","279","890","",""
"","","","","","","","","","","","","","","300","899","",""
"","","","","","","","","","","","","","","317","900","",""
"","","","","","","","","","","","","","","328","918","",""
"","","","","","","","","","","","","","","297","925","",""
"","","","","","","","","","","","","","","281","925","",""
"","","","","","","","","","","","","","","262","925","",""
"","","","","","","","","","","","","","","245","928","",""
"","","","","","","","","","","","","","","228","921","",""
"","","","","","","","","","","","","","","236","897","",""
"","","","","","","","","","","","","","","243","881","",""
"","","","","","","","","","","","","","","243","864","",""
"","","","","","","","","","","","","","","243","850","",""
"","","","","","","","","","","","","","","221","856","",""
"","","","","","","","","","","","","","","221","871","",""
"","","","","","","","","","","","","","","224","890","",""
"","","","","","","","","","","","","","","228","916","",""
"","","","","","","","","","","","","","","231","925","",""
"","","","","","","","","","","","","","","240","945","",""
"","","","","","","","","","","","","","","245","973","",""
"","","","","","","","","","","","","","","241","988","",""
"","","","","","","","","","","","","","","229","997","",""
"","","","","eye","0","0","","right eye","","","25-Jul-2019 09:16:00","1","A3KB2DY7SADI3Z","207","208","",""
"","","","","","","","","","","","","","","218","205","",""
"","","","","","","","","","","","","","","224","208","",""
"","","","","","","","","","","","","","","227","216","",""
"","","","","","","","","","","","","","","222","221","",""
"","","","","","","","","","","","","","","213","221","",""
"","","","","","","","","","","","","","","202","219","",""
"","","","","eye","0","0","","left eye","","","25-Jul-2019 09:16:23","2","A3KB2DY7SADI3Z","240","207","",""
"","","","","","","","","","","","","","","254","209","",""
"","","","","","","","","","","","","","","255","219","",""
"","","","","","","","","","","","","","","249","224","",""
"","","","","","","","","","","","","","","243","223","",""
"","","","","","","","","","","","","","","238","216","",""
"","","","","","","","","","","","","","","234","211","",""
"","","","","nose","0","0","","nose of man","","","25-Jul-2019 09:16:46","3","A3KB2DY7SADI3Z","222","229","",""
"","","","","","","","","","","","","","","227","221","",""
"","","","","","","","","","","","","","","235","224","",""
"","","","","","","","","","","","","","","239","228","",""
"","","","","","","","","","","","","","","239","235","",""
"","","","","","","","","","","","","","","241","243","",""
"","","","","","","","","","","","","","","234","246","",""
"","","","","","","","","","","","","","","226","246","",""
"","","","","","","","","","","","","","","220","242","",""
"","","","","mouth","0","0","","lips","","","25-Jul-2019 09:17:17","4","A3KB2DY7SADI3Z","216","251","",""
"","","","","","","","","","","","","","","228","249","",""
"","","","","","","","","","","","","","","235","249","",""
"","","","","","","","","","","","","","","242","249","",""
"","","","","","","","","","","","","","","248","248","",""
"","","","","","","","","","","","","","","243","255","",""
"","","","","","","","","","","","","","","231","259","",""
"","","","","","","","","","","","","","","223","262","",""
"","","","","cat","0","0","","room, brown, small, smooth","","","25-Jul-2019 09:20:30","5","A2HC04434S9TP0","449","974","",""
"","","","","","","","","","","","","","","449","956","",""
"","","","","","","","","","","","","","","445","942","",""
"","","","","","","","","","","","","","","428","927","",""
"","","","","","","","","","","","","","","408","918","",""
"","","","","","","","","","","","","","","379","933","",""
"","","","","","","","","","","","","","","381","944","",""
"","","","","","","","","","","","","","","371","945","",""
"","","","","","","","","","","","","","","343","933","",""
"","","","","","","","","","","","","","","335","927","",""
"","","","","","","","","","","","","","","321","918","",""
"","","","","","","","","","","","","","","308","908","",""
"","","","","","","","","","","","","","","301","910","",""
"","","","","","","","","","","","","","","301","928","",""
"","","","","","","","","","","","","","","298","947","",""
"","","","","","","","","","","","","","","301","959","",""
"","","","","","","","","","","","","","","298","979","",""
"","","","","","","","","","","","","","","294","1001","",""
"","","","","","","","","","","","","","","292","1034","",""
"","","","","","","","","","","","","","","299","1046","",""
"","","","","","","","","","","","","","","311","1058","",""
"","","","","","","","","","","","","","","326","1056","",""
"","","","","","","","","","","","","","","328","1049","",""
"","","","","","","","","","","","","","","335","1037","",""
"","","","","","","","","","","","","","","354","1037","",""
"","","","","","","","","","","","","","","366","1041","",""
"","","","","","","","","","","","","","","381","1066","",""
"","","","","","","","","","","","","","","396","1081","",""
"","","","","","","","","","","","","","","408","1081","",""
"","","","","","","","","","","","","","","415","1063","",""
"","","","","","","","","","","","","","","415","1059","",""
"","","","","","","","","","","","","","","432","1064","",""
"","","","","","","","","","","","","","","454","1064","",""
"","","","","","","","","","","","","","","466","1061","",""
"","","","","","","","","","","","","","","462","1047","",""
"","","","","","","","","","","","","","","462","1034","",""
"","","","","","","","","","","","","","","457","1018","",""
"","","","","","","","","","","","","","","457","1000","",""
"","","","","","","","","","","","","","","456","986","",""
"","","","","eye","1","0","","black, see, round","","","25-Jul-2019 09:22:39","6","A2HC04434S9TP0","421","954","",""
"","","","","","","","","","","","","","","408","954","",""
"","","","","","","","","","","","","","","413","963","",""
"","","","","","","","","","","","","","","422","963","",""
"","","","","right eye","0","0","","smooth, black, circle","","","25-Jul-2019 09:23:29","7","A2HC04434S9TP0","429","948","",""
"","","","","","","","","","","","","","","439","952","",""
"","","","","","","","","","","","","","","437","962","",""
"","","","","","","","","","","","","","","428","956","",""
"","","","","left eye","0","0","","vision, black, circular","","","25-Jul-2019 09:24:07","8","A2HC04434S9TP0","413","949","",""
"","","","","","","","","","","","","","","400","950","",""
"","","","","","","","","","","","","","","409","964","",""
"","","","","","","","","","","","","","","417","963","",""
"","","","","","","","","","","","","","","420","958","",""
"","","","","nose","0","0","","olfactory, circle, standing","","","25-Jul-2019 09:24:56","9","A2HC04434S9TP0","424","964","",""
"","","","","","","","","","","","","","","431","970","",""
"","","","","","","","","","","","","","","422","971","",""
"","","","","mouth","0","0","","taste, eat, tongue","","","25-Jul-2019 09:25:49","10","A2HC04434S9TP0","412","976","",""
"","","","","","","","","","","","","","","419","980","",""
"","","","","","","","","","","","","","","429","984","",""
"","","","","","","","","","","","","","","436","976","",""
"","","","","woman","0","0","","woman man dog","","","25-Jul-2019 09:37:16","11","A2HD2B3HSNIQ0F","618","189","",""
"","","","","","","","","","","","","","","652","203","",""
"","","","","","","","","","","","","","","655","226","",""
"","","","","","","","","","","","","","","680","256","",""
"","","","","","","","","","","","","","","696","292","",""
"","","","","","","","","","","","","","","703","324","",""
"","","","","","","","","","","","","","","703","363","",""
"","","","","","","","","","","","","","","705","383","",""
"","","","","","","","","","","","","","","709","429","",""
"","","","","","","","","","","","","","","714","506","",""
"","","","","","","","","","","","","","","725","575","",""
"","","","","","","","","","","","","","","744","671","",""
"","","","","","","","","","","","","","","753","755","",""
"","","","","","","","","","","","","","","760","833","",""
"","","","","","","","","","","","","","","764","855","",""
"","","","","","","","","","","","","","","796","883","",""
"","","","","","","","","","","","","","","776","956","",""
"","","","","","","","","","","","","","","769","992","",""
"","","","","","","","","","","","","","","744","1031","",""
"","","","","","","","","","","","","","","700","1077","",""
"","","","","","","","","","","","","","","616","1065","",""
"","","","","","","","","","","","","","","566","1045","",""
"","","","","","","","","","","","","","","534","1036","",""
"","","","","","","","","","","","","","","511","1038","",""
"","","","","","","","","","","","","","","468","1038","",""
"","","","","","","","","","","","","","","468","1033","",""
"","","","","","","","","","","","","","","468","1022","",""
"","","","","","","","","","","","","","","468","992","",""
"","","","","","","","","","","","","","","468","967","",""
"","","","","","","","","","","","","","","475","938","",""
"","","","","","","","","","","","","","","495","928","",""
"","","","","","","","","","","","","","","502","913","",""
"","","","","","","","","","","","","","","513","901","",""
"","","","","","","","","","","","","","","520","892","",""
"","","","","","","","","","","","","","","504","887","",""
"","","","","","","","","","","","","","","484","899","",""
"","","","","","","","","","","","","","","463","899","",""
"","","","","","","","","","","","","","","433","892","",""
"","","","","","","","","","","","","","","431","883","",""
"","","","","","","","","","","","","","","454","846","",""
"","","","","","","","","","","","","","","465","730","",""
"","","","","","","","","","","","","","","475","625","",""
"","","","","","","","","","","","","","","488","527","",""
"","","","","","","","","","","","","","","504","456","",""
"","","","","","","","","","","","","","","481","459","",""
"","","","","","","","","","","","","","","447","484","",""
"","","","","","","","","","","","","","","429","481","",""
"","","","","","","","","","","","","","","427","481","",""
"","","","","","","","","","","","","","","424","479","",""
"","","","","","","","","","","","","","","427","475","",""
"","","","","","","","","","","","","","","438","452","",""
"","","","","","","","","","","","","","","461","445","",""
"","","","","","","","","","","","","","","481","438","",""
"","","","","","","","","","","","","","","497","417","",""
"","","","","","","","","","","","","","","541","386","",""
"","","","","","","","","","","","","","","563","331","",""
"","","","","","","","","","","","","","","573","292","",""
"","","","","","","","","","","","","","","570","251","",""
"","","","","","","","","","","","","","","568","228","",""
"","","","","","","","","","","","","","","577","208","",""
"","","","","","","","","","","","","","","593","194","",""
"","","","","chandelier","0","0","","ornate, lighting, gold","","","25-Jul-2019 09:51:37","12","A1CJ8CLM7987EQ","535","143","",""
"","","","","","","","","","","","","","","464","193","",""
"","","","","","","","","","","","","","","413","208","",""
"","","","","","","","","","","","","","","371","195","",""
"","","","","","","","","","","","","","","312","169","",""
"","","","","","","","","","","","","","","301","125","",""
"","","","","","","","","","","","","","","312","80","",""
"","","","","","","","","","","","","","","343","52","",""
"","","","","","","","","","","","","","","392","84","",""
"","","","","","","","","","","","","","","385","1","",""
"","","","","","","","","","","","","","","438","4","",""
"","","","","","","","","","","","","","","442","68","",""
"","","","","","","","","","","","","","","477","78","",""
"","","","","","","","","","","","","","","505","108","",""
"","","","","mirror","0","0","","ornate, relfecting, gold","","","25-Jul-2019 09:51:50","13","A1CJ8CLM7987EQ","457","281","",""
"","","","","","","","","","","","","","","475","346","",""
"","","","","","","","","","","","","","","451","382","",""
"","","","","","","","","","","","","","","393","391","",""
"","","","","","","","","","","","","","","358","376","",""
"","","","","","","","","","","","","","","343","335","",""
"","","","","","","","","","","","","","","351","298","",""
"","","","","","","","","","","","","","","371","273","",""
"","","","","","","","","","","","","","","413","259","",""
"","","","","","","","","","","","","","","460","259","",""
"","","","","shoes","0","0","","wooden, clogs, sandles","","","25-Jul-2019 09:52:03","14","A1CJ8CLM7987EQ","133","973","",""
"","","","","","","","","","","","","","","91","1061","",""
"","","","","","","","","","","","","","","15","1082","",""
"","","","","","","","","","","","","","","3","942","",""
"","","","","","","","","","","","","","","97","951","",""
"","","","","window","0","0","","open, window, light, clear","","","25-Jul-2019 09:52:16","15","A1CJ8CLM7987EQ","121","9","",""
"","","","","","","","","","","","","","","103","489","",""
"","","","","","","","","","","","","","","38","497","",""
"","","","","","","","","","","","","","","40","47","",""
"","","","","","","","","","","","","","","38","12","",""
"","","","","thermometer","0","0","","heat, measurement, temperature","","","25-Jul-2019 09:52:38","16","A1CJ8CLM7987EQ","314","273","",""
"","","","","","","","","","","","","","","314","383","",""
"","","","","","","","","","","","","","","335","374","",""
"","","","","","","","","","","","","","","337","261","",""
"","","","","","","","","","","","","","","321","264","",""
"","","","","right eye","0","0","","brown, low look, semi closed","","","25-Jul-2019 09:56:16","17","AIN29LNXRARXY","583","254","",""
"","","","","","","","","","","","","","","573","256","",""
"","","","","","","","","","","","","","","577","263","",""
"","","","","","","","","","","","","","","583","265","",""
"","","","","","","","","","","","","","","587","259","",""
"","","","","left eye","0","0","","brown, low look, semi closed","","","25-Jul-2019 09:56:26","18","AIN29LNXRARXY","594","251","",""
"","","","","","","","","","","","","","","593","257","",""
"","","","","","","","","","","","","","","596","259","",""
"","","","","","","","","","","","","","","600","259","",""
"","","","","","","","","","","","","","","607","257","",""
"","","","","","","","","","","","","","","609","255","",""
"","","","","","","","","","","","","","","611","251","",""
"","","","","","","","","","","","","","","605","250","",""
"","","","","","","","","","","","","","","599","250","",""
"","","","","clogs","0","0","","on the floor, background, wood","","","25-Jul-2019 09:57:59","19","AIN29LNXRARXY","447","691","",""
"","","","","","","","","","","","","","","433","701","",""
"","","","","","","","","","","","","","","424","706","",""
"","","","","","","","","","","","","","","417","711","",""
"","","","","","","","","","","","","","","407","714","",""
"","","","","","","","","","","","","","","399","710","",""
"","","","","","","","","","","","","","","388","707","",""
"","","","","","","","","","","","","","","383","704","",""
"","","","","","","","","","","","","","","381","697","",""
"","","","","","","","","","","","","","","384","689","",""
"","","","","","","","","","","","","","","389","683","",""
"","","","","","","","","","","","","","","400","683","",""
"","","","","","","","","","","","","","","406","685","",""
"","","","","","","","","","","","","","","409","691","",""
"","","","","","","","","","","","","","","409","694","",""
"","","","","","","","","","","","","","","410","698","",""
"","","","","","","","","","","","","","","413","700","",""
"","","","","","","","","","","","","","","415","700","",""
"","","","","","","","","","","","","","","417","694","",""
"","","","","","","","","","","","","","","420","692","",""
"","","","","","","","","","","","","","","421","689","",""
"","","","","","","","","","","","","","","427","682","",""
"","","","","","","","","","","","","","","428","681","",""
"","","","","","","","","","","","","","","434","679","",""
"","","","","","","","","","","","","","","441","678","",""
"","","","","","","","","","","","","","","445","680","",""
"","","","","","","","","","","","","","","447","686","",""
"","","","","slippers","0","0","","they are on the left bottom ,white in colour,normal sized","","","25-Jul-2019 10:02:04","20","parulsharmab91@gmail.com","127","974","",""
"","","","","","","","","","","","","","","88","1056","",""
"","","","","","","","","","","","","","","21","1074","",""
"","","","","","","","","","","","","","","9","955","",""
"","","","","","","","","","","","","","","91","959","",""
"","","","","","","","","","","","","","","119","975","",""
"","","","","","","","","","","","","","","75","992","",""
"","","","","wall mirror","0","0","","on the middle center,brown in color,circle in shape","","","25-Jul-2019 10:05:15","21","parulsharmab91@gmail.com","449","264","",""
"","","","","","","","","","","","","","","412","266","",""
"","","","","","","","","","","","","","","392","269","",""
"","","","","","","","","","","","","","","379","274","",""
"","","","","","","","","","","","","","","367","288","",""
"","","","","","","","","","","","","","","360","294","",""
"","","","","","","","","","","","","","","353","304","",""
"","","","","","","","","","","","","","","350","313","",""
"","","","","","","","","","","","","","","347","325","",""
"","","","","","","","","","","","","","","347","330","",""
"","","","","","","","","","","","","","","351","341","",""
"","","","","","","","","","","","","","","351","347","",""
"","","","","","","","","","","","","","","356","355","",""
"","","","","","","","","","","","","","","360","366","",""
"","","","","","","","","","","","","","","363","370","",""
"","","","","","","","","","","","","","","375","376","",""
"","","","","","","","","","","","","","","378","379","",""
"","","","","","","","","","","","","","","384","380","",""
"","","","","","","","","","","","","","","392","383","",""
"","","","","","","","","","","","","","","399","383","",""
"","","","","","","","","","","","","","","415","384","",""
"","","","","","","","","","","","","","","428","384","",""
"","","","","","","","","","","","","","","437","384","",""
"","","","","","","","","","","","","","","455","368","",""
"","","","","","","","","","","","","","","467","353","",""
"","","","","","","","","","","","","","","468","338","",""
"","","","","","","","","","","","","","","461","315","",""
"","","","","","","","","","","","","","","457","302","",""
"","","","","","","","","","","","","","","453","280","",""
"","","","","window","0","0","","at top most left corner","","","25-Jul-2019 10:11:56","22","parulsharmab91@gmail.com","60","34","",""
"","","","","","","","","","","","","","","45","485","",""
"","","","","","","","","","","","","","","90","479","",""
"","","","","","","","","","","","","","","105","32","",""
"","","","","","","","","","","","","","","83","30","",""
"","","","","","","","","","","","","","","66","107","",""
"","","","","wall hanging","0","0","","golden in color,at the top center,big in size","","","25-Jul-2019 10:18:23","23","parulsharmab91@gmail.com","342","58","",""
"","","","","","","","","","","","","","","317","81","",""
"","","","","","","","","","","","","","","305","124","",""
"","","","","","","","","","","","","","","316","164","",""
"","","","","","","","","","","","","","","411","205","",""
"","","","","","","","","","","","","","","463","191","",""
"","","","","","","","","","","","","","","530","144","",""
"","","","","","","","","","","","","","","477","85","",""
"","","","","","","","","","","","","","","442","73","",""
"","","","","","","","","","","","","","","435","6","",""
"","","","","","","","","","","","","","","389","5","",""
"","","","","","","","","","","","","","","394","84","",""
"","","","","","","","","","","","","","","392","87","",""
"","","","","","","","","","","","","","","389","86","",""
"","","","","hat","0","0","","black color ,on the man_s head,normal sized","","","25-Jul-2019 10:22:02","24","parulsharmab91@gmail.com","188","226","",""
"","","","","","","","","","","","","","","168","241","",""
"","","","","","","","","","","","","","","141","242","",""
"","","","","","","","","","","","","","","139","207","",""
"","","","","","","","","","","","","","","158","188","",""
"","","","","","","","","","","","","","","165","177","",""
"","","","","","","","","","","","","","","165","165","",""
"","","","","","","","","","","","","","","170","158","",""
"","","","","","","","","","","","","","","174","146","",""
"","","","","","","","","","","","","","","185","137","",""
"","","","","","","","","","","","","","","189","136","",""
"","","","","","","","","","","","","","","203","132","",""
"","","","","","","","","","","","","","","214","132","",""
"","","","","","","","","","","","","","","231","132","",""
"","","","","","","","","","","","","","","237","128","",""
"","","","","","","","","","","","","","","245","126","",""
"","","","","","","","","","","","","","","249","125","",""
"","","","","","","","","","","","","","","250","125","",""
"","","","","","","","","","","","","","","265","131","",""
"","","","","","","","","","","","","","","273","136","",""
"","","","","","","","","","","","","","","278","142","",""
"","","","","","","","","","","","","","","281","147","",""
"","","","","","","","","","","","","","","282","152","",""
"","","","","","","","","","","","","","","282","157","",""
"","","","","","","","","","","","","","","281","160","",""
"","","","","","","","","","","","","","","279","162","",""
"","","","","","","","","","","","","","","275","165","",""
"","","","","","","","","","","","","","","280","172","",""
"","","","","","","","","","","","","","","286","176","",""
"","","","","","","","","","","","","","","294","178","",""
"","","","","","","","","","","","","","","306","183","",""
"","","","","","","","","","","","","","","309","188","",""
"","","","","","","","","","","","","","","315","194","",""
"","","","","","","","","","","","","","","318","198","",""
"","","","","","","","","","","","","","","321","204","",""
"","","","","","","","","","","","","","","319","214","",""
"","","","","","","","","","","","","","","317","221","",""
"","","","","","","","","","","","","","","313","229","",""
"","","","","","","","","","","","","","","311","234","",""
"","","","","","","","","","","","","","","308","238","",""
"","","","","","","","","","","","","","","306","241","",""
"","","","","","","","","","","","","","","301","246","",""
"","","","","","","","","","","","","","","293","252","",""
"","","","","","","","","","","","","","","287","257","",""
"","","","","","","","","","","","","","","283","259","",""
"","","","","","","","","","","","","","","279","260","",""
"","","","","","","","","","","","","","","272","260","",""
"","","","","","","","","","","","","","","264","260","",""
"","","","","","","","","","","","","","","252","264","",""
"","","","","","","","","","","","","","","248","265","",""
"","","","","","","","","","","","","","","234","254","",""
"","","","","","","","","","","","","","","225","250","",""
"","","","","","","","","","","","","","","208","246","",""
"","","","","","","","","","","","","","","199","239","",""
"","","","","","","","","","","","","","","188","233","",""
"","","","","dog","0","0","","small, brown, dog, young, long-haired","","","25-Jul-2019 11:20:24","25","A3TAM79PCXOLXI","328","1010","",""
"","","","","","","","","","","","","","","366","1040","",""
"","","","","","","","","","","","","","","394","1074","",""
"","","","","","","","","","","","","","","421","1065","",""
"","","","","","","","","","","","","","","465","1063","",""
"","","","","","","","","","","","","","","457","1027","",""
"","","","","","","","","","","","","","","456","984","",""
"","","","","","","","","","","","","","","449","979","",""
"","","","","","","","","","","","","","","441","943","",""
"","","","","","","","","","","","","","","407","921","",""
"","","","","","","","","","","","","","","381","932","",""
"","","","","","","","","","","","","","","380","949","",""
"","","","","","","","","","","","","","","342","940","",""
"","","","","","","","","","","","","","","321","921","",""
"","","","","","","","","","","","","","","299","911","",""
"","","","","","","","","","","","","","","313","937","",""
"","","","","","","","","","","","","","","301","951","",""
"","","","","","","","","","","","","","","296","986","",""
"","","","","","","","","","","","","","","299","1029","",""
"","","","","","","","","","","","","","","312","1049","",""
"","","","","","","","","","","","","","","326","1032","",""
"","","","","rug","0","0","","far-right, rug, patterned, corner, hidden","","","25-Jul-2019 11:21:31","26","A3TAM79PCXOLXI","432","869","",""
"","","","","","","","","","","","","","","426","714","",""
"","","","","","","","","","","","","","","449","690","",""
"","","","","","","","","","","","","","","470","685","",""
"","","","","","","","","","","","","","","451","843","",""
"","","","","chandeliar","0","0","","fancy, light, expensive, hanging, bright","","","25-Jul-2019 11:22:32","27","A3TAM79PCXOLXI","400","25","",""
"","","","","","","","","","","","","","","402","123","",""
"","","","","","","","","","","","","","","389","150","",""
"","","","","","","","","","","","","","","370","120","",""
"","","","","","","","","","","","","","","339","106","",""
"","","","","","","","","","","","","","","339","62","",""
"","","","","","","","","","","","","","","329","108","",""
"","","","","","","","","","","","","","","329","141","",""
"","","","","","","","","","","","","","","315","122","",""
"","","","","","","","","","","","","","","310","142","",""
"","","","","","","","","","","","","","","386","203","",""
"","","","","","","","","","","","","","","429","198","",""
"","","","","head board","0","0","","head board, bed post, brown, wooden, tall.","","","25-Jul-2019 11:24:49","28","A3TAM79PCXOLXI","505","388","",""
"","","","","","","","","","","","","","","506","201","",""
"","","","","","","","","","","","","","","522","196","",""
"","","","","","","","","","","","","","","522","233","",""
"","","","","","","","","","","","","","","562","244","",""
"","","","","","","","","","","","","","","570","290","",""
"","","","","","","","","","","","","","","557","339","",""
"","","","","","","","","","","","","","","540","381","",""
"","","","","","","","","","","","","","","508","400","",""
"","","","","pillow","0","0","","pillow, red, satin, plumped, comfort","","","25-Jul-2019 11:25:13","29","A3TAM79PCXOLXI","714","400","",""
"","","","","","","","","","","","","","","799","404","",""
"","","","","","","","","","","","","","","798","462","",""
"","","","","","","","","","","","","","","715","476","",""
"","","","","shoes","0","0","","2 shoes, feminine, sandals","","","25-Jul-2019 11:34:27","30","A115BHSWY8R1KU","7","934","",""
"","","","","","","","","","","","","","","140","967","",""
"","","","","","","","","","","","","","","68","1008","",""
"","","","","","","","","","","","","","","76","1056","",""
"","","","","","","","","","","","","","","54","1083","",""
"","","","","","","","","","","","","","","15","1063","",""
"","","","","","","","","","","","","","","12","1038","",""
"","","","","","","","","","","","","","","10","992","",""
"","","","","table","0","0","","brown, wooden appearance, under window in bedroom","","","25-Jul-2019 11:35:44","31","A115BHSWY8R1KU","60","775","",""
"","","","","","","","","","","","","","","38","775","",""
"","","","","","","","","","","","","","","36","817","",""
"","","","","","","","","","","","","","","20","825","",""
"","","","","","","","","","","","","","","12","609","",""
"","","","","","","","","","","","","","","81","570","",""
"","","","","","","","","","","","","","","89","617","",""
"","","","","dog","0","0","","small, long hair, terrier-like, in-between the couple","","","25-Jul-2019 11:36:57","32","A115BHSWY8R1KU","295","931","",""
"","","","","","","","","","","","","","","292","1054","",""
"","","","","","","","","","","","","","","326","1057","",""
"","","","","","","","","","","","","","","345","1034","",""
"","","","","","","","","","","","","","","398","1086","",""
"","","","","","","","","","","","","","","416","1079","",""
"","","","","","","","","","","","","","","417","1056","",""
"","","","","","","","","","","","","","","467","1073","",""
"","","","","","","","","","","","","","","460","979","",""
"","","","","","","","","","","","","","","451","963","",""
"","","","","","","","","","","","","","","441","935","",""
"","","","","","","","","","","","","","","414","922","",""
"","","","","","","","","","","","","","","385","922","",""
"","","","","","","","","","","","","","","377","942","",""
"","","","","","","","","","","","","","","339","938","",""
"","","","","","","","","","","","","","","333","920","",""
"","","","","","","","","","","","","","","298","915","",""
"","","","","woman","0","0","","green dress, brown hair, white head wear, appears pregnant, holding stomach","","","25-Jul-2019 11:38:13","33","A115BHSWY8R1KU","429","893","",""
"","","","","","","","","","","","","","","516","896","",""
"","","","","","","","","","","","","","","465","1044","",""
"","","","","","","","","","","","","","","538","1038","",""
"","","","","","","","","","","","","","","704","1079","",""
"","","","","","","","","","","","","","","784","986","",""
"","","","","","","","","","","","","","","791","920","",""
"","","","","","","","","","","","","","","795","887","",""
"","","","","","","","","","","","","","","762","851","",""
"","","","","","","","","","","","","","","715","510","",""
"","","","","","","","","","","","","","","713","333","",""
"","","","","","","","","","","","","","","662","227","",""
"","","","","","","","","","","","","","","638","190","",""
"","","","","","","","","","","","","","","608","190","",""
"","","","","","","","","","","","","","","567","212","",""
"","","","","","","","","","","","","","","557","238","",""
"","","","","","","","","","","","","","","567","295","",""
"","","","","","","","","","","","","","","561","339","",""
"","","","","","","","","","","","","","","506","412","",""
"","","","","","","","","","","","","","","506","413","",""
"","","","","","","","","","","","","","","467","438","",""
"","","","","","","","","","","","","","","428","474","",""
"","","","","","","","","","","","","","","428","474","",""
"","","","","","","","","","","","","","","445","487","",""
"","","","","","","","","","","","","","","460","477","",""
"","","","","","","","","","","","","","","502","451","",""
"","","","","","","","","","","","","","","502","471","",""
"","","","","","","","","","","","","","","474","685","",""
"","","","","","","","","","","","","","","451","832","",""
"","","","","man","0","0","","large black hat, black cape-like coat, holding the woman_s hand, standing closest to the window","","","25-Jul-2019 11:40:07","34","A115BHSWY8R1KU","183","859","",""
"","","","","","","","","","","","","","","192","919","",""
"","","","","","","","","","","","","","","182","942","",""
"","","","","","","","","","","","","","","205","996","",""
"","","","","","","","","","","","","","","231","1008","",""
"","","","","","","","","","","","","","","250","989","",""
"","","","","","","","","","","","","","","250","951","",""
"","","","","","","","","","","","","","","243","929","",""
"","","","","","","","","","","","","","","224","891","",""
"","","","","","","","","","","","","","","221","852","",""
"","","","","","","","","","","","","","","240","848","",""
"","","","","","","","","","","","","","","243","880","",""
"","","","","","","","","","","","","","","237","912","",""
"","","","","","","","","","","","","","","237","929","",""
"","","","","","","","","","","","","","","327","931","",""
"","","","","","","","","","","","","","","326","915","",""
"","","","","","","","","","","","","","","313","897","",""
"","","","","","","","","","","","","","","282","890","",""
"","","","","","","","","","","","","","","284","859","",""
"","","","","","","","","","","","","","","313","848","",""
"","","","","","","","","","","","","","","366","822","",""
"","","","","","","","","","","","","","","394","785","",""
"","","","","","","","","","","","","","","394","785","",""
"","","","","","","","","","","","","","","407","749","",""
"","","","","","","","","","","","","","","391","739","",""
"","","","","","","","","","","","","","","369","496","",""
"","","","","","","","","","","","","","","369","496","",""
"","","","","","","","","","","","","","","388","478","",""
"","","","","","","","","","","","","","","425","480","",""
"","","","","","","","","","","","","","","449","486","",""
"","","","","","","","","","","","","","","478","435","",""
"","","","","","","","","","","","","","","458","433","",""
"","","","","","","","","","","","","","","412","441","",""
"","","","","","","","","","","","","","","377","412","",""
"","","","","","","","","","","","","","","329","371","",""
"","","","","","","","","","","","","","","268","276","",""
"","","","","","","","","","","","","","","260","262","",""
"","","","","","","","","","","","","","","307","236","",""
"","","","","","","","","","","","","","","314","215","",""
"","","","","","","","","","","","","","","302","186","",""
"","","","","","","","","","","","","","","282","172","",""
"","","","","","","","","","","","","","","275","153","",""
"","","","","","","","","","","","","","","282","138","",""
"","","","","","","","","","","","","","","260","127","",""
"","","","","","","","","","","","","","","233","127","",""
"","","","","","","","","","","","","","","204","135","",""
"","","","","","","","","","","","","","","195","140","",""
"","","","","","","","","","","","","","","179","150","",""
"","","","","","","","","","","","","","","164","170","",""
"","","","","","","","","","","","","","","154","189","",""
"","","","","","","","","","","","","","","140","217","",""
"","","","","","","","","","","","","","","141","238","",""
"","","","","","","","","","","","","","","157","249","",""
"","","","","","","","","","","","","","","176","237","",""
"","","","","","","","","","","","","","","190","234","",""
"","","","","","","","","","","","","","","196","244","",""
"","","","","","","","","","","","","","","193","268","",""
"","","","","","","","","","","","","","","172","281","",""
"","","","","","","","","","","","","","","161","282","",""
"","","","","","","","","","","","","","","145","298","",""
"","","","","","","","","","","","","","","131","346","",""
"","","","","","","","","","","","","","","122","412","",""
"","","","","","","","","","","","","","","113","486","",""
"","","","","","","","","","","","","","","92","579","",""
"","","","","","","","","","","","","","","79","646","",""
"","","","","","","","","","","","","","","71","717","",""
"","","","","","","","","","","","","","","61","823","",""
"","","","","","","","","","","","","","","77","848","",""
"","","","","","","","","","","","","","","100","846","",""
"","","","","","","","","","","","","","","135","849","",""
"","","","","hand","0","0","","upward, beige skin, back with light, shadowed front, left side","","","25-Jul-2019 12:20:58","35","A396GA8SHS2L41","183","397","",""
"","","","","","","","","","","","","","","198","409","",""
"","","","","","","","","","","","","","","214","379","",""
"","","","","","","","","","","","","","","221","354","",""
"","","","","","","","","","","","","","","215","343","",""
"","","","","","","","","","","","","","","217","321","",""
"","","","","","","","","","","","","","","206","318","",""
"","","","","","","","","","","","","","","195","346","",""
"","","","","","","","","","","","","","","191","371","",""
"","","","","hand","0","0","","left side, female hand, beige, flexed, resting","","","25-Jul-2019 12:22:41","36","A396GA8SHS2L41","560","391","",""
"","","","","","","","","","","","","","","605","419","",""
"","","","","","","","","","","","","","","599","432","",""
"","","","","","","","","","","","","","","547","434","",""
"","","","","","","","","","","","","","","541","424","",""
"","","","","","","","","","","","","","","547","409","",""
"","","","","arm","0","0","","blue, right side, extended, female arm, wrinkled texture","","","25-Jul-2019 12:24:42","37","A396GA8SHS2L41","610","416","",""
"","","","","","","","","","","","","","","601","434","",""
"","","","","","","","","","","","","","","643","464","",""
"","","","","","","","","","","","","","","644","415","",""
"","","","","mouth","0","0","","pressed lips, white, small, right side, female lips","","","25-Jul-2019 12:26:07","38","A396GA8SHS2L41","591","282","",""
"","","","","","","","","","","","","","","606","279","",""
"","","","","","","","","","","","","","","606","287","",""
"","","","","","","","","","","","","","","597","293","",""
"","","","","hand","0","0","","pale, long, hand","","","25-Jul-2019 12:29:13","39","A2J2LFWPZV9ICB","603","410","",""
"","","","","","","","","","","","","","","557","388","",""
"","","","","","","","","","","","","","","539","433","",""
"","","","","","","","","","","","","","","591","433","",""
"","","","","mouth","0","0","","small, meek, red","","","25-Jul-2019 12:29:27","40","A2J2LFWPZV9ICB","593","279","",""
"","","","","","","","","","","","","","","603","278","",""
"","","","","","","","","","","","","","","605","280","",""
"","","","","","","","","","","","","","","607","289","",""
"","","","","","","","","","","","","","","596","298","",""
"","","","","writing","0","0","","graffiti, writing, script","","","25-Jul-2019 12:30:00","41","A2J2LFWPZV9ICB","340","212","",""
"","","","","","","","","","","","","","","442","225","",""
"","","","","","","","","","","","","","","440","250","",""
"","","","","","","","","","","","","","","354","257","",""
"","","","","drape","0","0","","red, heavy, sturdy","","","25-Jul-2019 12:30:17","42","A2J2LFWPZV9ICB","578","115","",""
"","","","","","","","","","","","","","","732","3","",""
"","","","","","","","","","","","","","","626","3","",""
"","","","","","","","","","","","","","","569","54","",""
"","","","","dress","0","0","","black","","","25-Jul-2019 13:09:44","43","A2NVNFIOKLEEGY","233","485","",""
"","","","","room","0","0","","brown","","","25-Jul-2019 13:10:06","44","A2NVNFIOKLEEGY","681","144","",""
"","","","","cap","0","0","","black","","","25-Jul-2019 13:10:43","45","A2NVNFIOKLEEGY","231","157","",""
"","","","","window","0","0","","white","","","25-Jul-2019 13:11:04","46","A2NVNFIOKLEEGY","82","239","",""
"","","","","dog","0","0","","black","","","25-Jul-2019 13:11:24","47","A2NVNFIOKLEEGY","349","979","",""
"","","","","hand shake","0","0","","room, black, green, handshake, man, women","","","25-Jul-2019 13:57:42","48","A16HYGH5YO5EAF","515","499","",""
"","","","","","","","","","","","","","","321","466","",""
"","","","","","","","","","","","","","","346","403","",""
"","","","","","","","","","","","","","","476","412","",""
"","","","","jewellery","0","0","","woman, jewelry, neck, gold","","","25-Jul-2019 13:59:18","49","A16HYGH5YO5EAF","620","296","",""
"","","","","","","","","","","","","","","620","318","",""
"","","","","","","","","","","","","","","599","318","",""
"","","","","","","","","","","","","","","602","305","",""
"","","","","mirror","0","0","","wall mirror, shadow,man, women, back side","","","25-Jul-2019 14:00:18","50","A16HYGH5YO5EAF","385","299","",""
"","","","","","","","","","","","","","","431","298","",""
"","","","","","","","","","","","","","","426","357","",""
"","","","","","","","","","","","","","","374","357","",""
"","","","","dress","0","0","","green dress, velvet, women,","","","25-Jul-2019 14:01:54","51","A16HYGH5YO5EAF","524","598","",""
"","","","","","","","","","","","","","","571","606","",""
"","","","","","","","","","","","","","","568","693","",""
"","","","","","","","","","","","","","","517","683","",""
"","","","","shoes","0","0","","black shoes, shoes, man","","","25-Jul-2019 14:02:54","52","A16HYGH5YO5EAF","200","932","",""
"","","","","","","","","","","","","","","217","932","",""
"","","","","","","","","","","","","","","220","932","",""
"","","","","","","","","","","","","","","222","963","",""
"","","","","","","","","","","","","","","198","961","",""
"","","","","scarf","0","0","","white scarf, women, head","","","25-Jul-2019 14:04:16","53","A16HYGH5YO5EAF","646","279","",""
"","","","","","","","","","","","","","","680","280","",""
"","","","","","","","","","","","","","","680","308","",""
"","","","","","","","","","","","","","","649","307","",""
"","","","","ruffles","0","0","","ruffles, green, dress, bunched fabric, detailed, vivid","","","25-Jul-2019 14:07:53","54","A2OMYDY8G8PNJE","626","612","",""
"","","","","","","","","","","","","","","614","734","",""
"","","","","","","","","","","","","","","621","803","",""
"","","","","","","","","","","","","","","633","842","",""
"","","","","","","","","","","","","","","659","857","",""
"","","","","","","","","","","","","","","690","864","",""
"","","","","","","","","","","","","","","719","867","",""
"","","","","","","","","","","","","","","741","853","",""
"","","","","","","","","","","","","","","755","834","",""
"","","","","","","","","","","","","","","740","718","",""
"","","","","","","","","","","","","","","689","736","",""
"","","","","","","","","","","","","","","669","709","",""
"","","","","","","","","","","","","","","662","655","",""
"","","","","","","","","","","","","","","664","619","",""
"","","","","","","","","","","","","","","666","612","",""
"","","","","canopy","0","0","","canopy, bed canopy, fabric, red, dark, gathered, top right","","","25-Jul-2019 14:09:26","55","A2OMYDY8G8PNJE","783","3","",""
"","","","","","","","","","","","","","","787","141","",""
"","","","","","","","","","","","","","","796","216","",""
"","","","","","","","","","","","","","","789","270","",""
"","","","","","","","","","","","","","","776","281","",""
"","","","","","","","","","","","","","","751","286","",""
"","","","","","","","","","","","","","","737","268","",""
"","","","","","","","","","","","","","","734","238","",""
"","","","","","","","","","","","","","","733","191","",""
"","","","","","","","","","","","","","","736","124","",""
"","","","","","","","","","","","","","","736","69","",""
"","","","","","","","","","","","","","","740","21","",""
"","","","","","","","","","","","","","","738","4","",""
"","","","","veil","0","0","","veil, white, lacy, detailed, woman_s head wear","","","25-Jul-2019 14:10:49","56","A2OMYDY8G8PNJE","624","336","",""
"","","","","","","","","","","","","","","655","324","",""
"","","","","","","","","","","","","","","689","333","",""
"","","","","","","","","","","","","","","704","355","",""
"","","","","","","","","","","","","","","695","297","",""
"","","","","","","","","","","","","","","661","223","",""
"","","","","","","","","","","","","","","654","199","",""
"","","","","","","","","","","","","","","633","185","",""
"","","","","","","","","","","","","","","606","185","",""
"","","","","","","","","","","","","","","578","196","",""
"","","","","","","","","","","","","","","556","223","",""
"","","","","","","","","","","","","","","560","232","",""
"","","","","","","","","","","","","","","597","218","",""
"","","","","","","","","","","","","","","617","218","",""
"","","","","","","","","","","","","","","640","209","",""
"","","","","","","","","","","","","","","636","243","",""
"","","","","","","","","","","","","","","633","274","",""
"","","","","belly","0","0","","woman_s belly, pregnant, baby bump, intimate, hand rests upon it, with child","","","25-Jul-2019 14:11:56","57","A2OMYDY8G8PNJE","590","393","",""
"","","","","","","","","","","","","","","538","427","",""
"","","","","","","","","","","","","","","510","448","",""
"","","","","","","","","","","","","","","500","502","",""
"","","","","","","","","","","","","","","509","545","",""
"","","","","","","","","","","","","","","561","557","",""
"","","","","","","","","","","","","","","599","541","",""
"","","","","","","","","","","","","","","630","492","",""
"","","","","","","","","","","","","","","622","449","",""
"","","","","","","","","","","","","","","597","436","",""
"","","","","pillow","0","0","","pillow, cushion, red, dark, comfort, seated","","","25-Jul-2019 14:14:57","58","A2OMYDY8G8PNJE","459","557","",""
"","","","","","","","","","","","","","","373","561","",""
"","","","","","","","","","","","","","","383","521","",""
"","","","","","","","","","","","","","","377","485","",""
"","","","","","","","","","","","","","","408","473","",""
"","","","","","","","","","","","","","","448","480","",""
"","","","","","","","","","","","","","","462","487","",""
"","","","","","","","","","","","","","","455","528","",""
"","","","","belt","0","0","","belt, gathered, holding dress, brown, support, tight","","","25-Jul-2019 14:15:49","59","A2OMYDY8G8PNJE","583","382","",""
"","","","","","","","","","","","","","","637","386","",""
"","","","","","","","","","","","","","","635","402","",""
"","","","","","","","","","","","","","","622","408","",""
"","","","","","","","","","","","","","","597","404","",""
"","","","","","","","","","","","","","","572","395","",""
"","","","","canopy","0","0","","red velvet, right background, old fashioned","","","25-Jul-2019 16:24:50","60","A1NZ4C0GO5HS87","577","184","",""
"","","","","","","","","","","","","","","569","54","",""
"","","","","","","","","","","","","","","621","8","",""
"","","","","","","","","","","","","","","794","8","",""
"","","","","","","","","","","","","","","798","57","",""
"","","","","","","","","","","","","","","796","125","",""
"","","","","","","","","","","","","","","794","253","",""
"","","","","","","","","","","","","","","796","333","",""
"","","","","","","","","","","","","","","798","419","",""
"","","","","","","","","","","","","","","751","414","",""
"","","","","","","","","","","","","","","723","405","",""
"","","","","","","","","","","","","","","715","340","",""
"","","","","","","","","","","","","","","712","315","",""
"","","","","","","","","","","","","","","700","291","",""
"","","","","","","","","","","","","","","684","250","",""
"","","","","","","","","","","","","","","660","216","",""
"","","","","","","","","","","","","","","655","203","",""
"","","","","","","","","","","","","","","627","192","",""
"","","","","","","","","","","","","","","611","187","",""
"","","","","","","","","","","","","","","595","190","",""
"","","","","veil","0","0","","on top of head, white, elegant, expensive","","","25-Jul-2019 16:56:40","61","A3NTSR7Z32TDOE","553","226","",""
"","","","","","","","","","","","","","","579","193","",""
"","","","","","","","","","","","","","","628","182","",""
"","","","","","","","","","","","","","","653","197","",""
"","","","","","","","","","","","","","","671","229","",""
"","","","","","","","","","","","","","","686","249","",""
"","","","","","","","","","","","","","","701","303","",""
"","","","","","","","","","","","","","","704","370","",""
"","","","","","","","","","","","","","","693","342","",""
"","","","","","","","","","","","","","","690","332","",""
"","","","","","","","","","","","","","","659","324","",""
"","","","","","","","","","","","","","","622","335","",""
"","","","","","","","","","","","","","","639","209","",""
"","","","","","","","","","","","","","","615","219","",""
"","","","","","","","","","","","","","","598","218","",""
"","","","","hand","0","0","","man_s hand, right hand, white, graceful, up","","","25-Jul-2019 16:57:54","62","A3NTSR7Z32TDOE","180","397","",""
"","","","","","","","","","","","","","","193","343","",""
"","","","","","","","","","","","","","","211","320","",""
"","","","","","","","","","","","","","","216","319","",""
"","","","","","","","","","","","","","","215","337","",""
"","","","","","","","","","","","","","","223","349","",""
"","","","","","","","","","","","","","","200","410","",""
"","","","","hat","0","0","","black, on man_s head, floppy, heavy, dark","","","25-Jul-2019 16:58:40","63","A3NTSR7Z32TDOE","136","245","",""
"","","","","","","","","","","","","","","140","207","",""
"","","","","","","","","","","","","","","167","178","",""
"","","","","","","","","","","","","","","175","141","",""
"","","","","","","","","","","","","","","231","126","",""
"","","","","","","","","","","","","","","277","136","",""
"","","","","","","","","","","","","","","281","167","",""
"","","","","","","","","","","","","","","302","183","",""
"","","","","","","","","","","","","","","324","205","",""
"","","","","","","","","","","","","","","311","239","",""
"","","","","","","","","","","","","","","271","257","",""
"","","","","","","","","","","","","","","260","214","",""
"","","","","","","","","","","","","","","251","188","",""
"","","","","","","","","","","","","","","201","188","",""
"","","","","","","","","","","","","","","189","214","",""
"","","","","","","","","","","","","","","190","236","",""
"","","","","","","","","","","","","","","165","252","",""
"","","","","sleeve","0","0","","women_s sleeve, fur, white, long, hanging, dirty","","","25-Jul-2019 17:01:21","64","A3NTSR7Z32TDOE","627","523","",""
"","","","","","","","","","","","","","","629","391","",""
"","","","","","","","","","","","","","","640","343","",""
"","","","","","","","","","","","","","","662","345","",""
"","","","","","","","","","","","","","","670","455","",""
"","","","","","","","","","","","","","","667","551","",""
"","","","","","","","","","","","","","","660","599","",""
"","","","","","","","","","","","","","","647","613","",""
"","","","","","","","","","","","","","","631","612","",""
"","","","","shutter","0","0","","open, folded, wood, dark","","","25-Jul-2019 17:01:54","65","A3NTSR7Z32TDOE","34","309","",""
"","","","","","","","","","","","","","","68","310","",""
"","","","","","","","","","","","","","","73","516","",""
"","","","","","","","","","","","","","","63","520","",""
"","","","","","","","","","","","","","","38","511","",""
"","","","","chandeiler","0","0","","brass, gold, gothic, hanging, heavy, shiny","","","25-Jul-2019 17:08:09","66","A3NTSR7Z32TDOE","442","4","",""
"","","","","","","","","","","","","","","444","69","",""
"","","","","","","","","","","","","","","480","74","",""
"","","","","","","","","","","","","","","467","92","",""
"","","","","","","","","","","","","","","476","123","",""
"","","","","","","","","","","","","","","485","149","",""
"","","","","","","","","","","","","","","493","141","",""
"","","","","","","","","","","","","","","502","119","",""
"","","","","","","","","","","","","","","504","104","",""
"","","","","","","","","","","","","","","523","123","",""
"","","","","","","","","","","","","","","528","136","",""
"","","","","","","","","","","","","","","514","141","",""
"","","","","","","","","","","","","","","501","162","",""
"","","","","","","","","","","","","","","500","182","",""
"","","","","","","","","","","","","","","486","183","",""
"","","","","","","","","","","","","","","480","187","",""
"","","","","","","","","","","","","","","477","197","",""
"","","","","","","","","","","","","","","465","191","",""
"","","","","","","","","","","","","","","456","208","",""
"","","","","","","","","","","","","","","446","202","",""
"","","","","","","","","","","","","","","435","189","",""
"","","","","","","","","","","","","","","422","200","",""
"","","","","","","","","","","","","","","414","212","",""
"","","","","","","","","","","","","","","402","209","",""
"","","","","","","","","","","","","","","395","200","",""
"","","","","","","","","","","","","","","385","206","",""
"","","","","","","","","","","","","","","367","188","",""
"","","","","","","","","","","","","","","358","194","",""
"","","","","","","","","","","","","","","342","192","",""
"","","","","","","","","","","","","","","344","182","",""
"","","","","","","","","","","","","","","328","181","",""
"","","","","","","","","","","","","","","316","176","",""
"","","","","","","","","","","","","","","310","165","",""
"","","","","","","","","","","","","","","304","157","",""
"","","","","","","","","","","","","","","295","138","",""
"","","","","","","","","","","","","","","309","107","",""
"","","","","","","","","","","","","","","327","131","",""
"","","","","","","","","","","","","","","325","99","",""
"","","","","","","","","","","","","","","332","79","",""
"","","","","","","","","","","","","","","341","99","",""
"","","","","","","","","","","","","","","355","110","",""
"","","","","","","","","","","","","","","362","113","",""
"","","","","","","","","","","","","","","363","91","",""
"","","","","","","","","","","","","","","374","91","",""
"","","","","","","","","","","","","","","381","108","",""
"","","","","","","","","","","","","","","377","116","",""
"","","","","","","","","","","","","","","384","129","",""
"","","","","","","","","","","","","","","394","122","",""
"","","","","","","","","","","","","","","398","41","",""
"","","","","","","","","","","","","","","386","11","",""
"","","","","ceiling","0","0","","above, wood, patterned, dark","","","25-Jul-2019 17:08:37","67","A3NTSR7Z32TDOE","566","50","",""
"","","","","","","","","","","","","","","187","47","",""
"","","","","","","","","","","","","","","182","0","",""
"","","","","","","","","","","","","","","621","1","",""
"","","","","window","0","0","","high, stained glass window, circular pattern, colorful","","","25-Jul-2019 17:09:44","68","A3NTSR7Z32TDOE","36","112","",""
"","","","","","","","","","","","","","","34","0","",""
"","","","","","","","","","","","","","","100","1","",""
"","","","","","","","","","","","","","","96","153","",""
"","","","","wall","0","0","","dark, grainy, matte","","","25-Jul-2019 17:32:11","69","A1ZV750GWIA00","13","522","",""
"","","","","","","","","","","","","","","6","599","",""
"","","","","","","","","","","","","","","76","559","",""
"","","","","","","","","","","","","","","86","520","",""
"","","","","cloth","0","0","","folds, green, earthy, grainy, sewn","","","25-Jul-2019 17:33:01","70","A1ZV750GWIA00","526","892","",""
"","","","","","","","","","","","","","","479","1029","",""
"","","","","","","","","","","","","","","693","1071","",""
"","","","","","","","","","","","","","","759","996","",""
"","","","","","","","","","","","","","","743","866","",""
"","","","","object to clean","0","0","","brown, small, center of the screen","","","25-Jul-2019 17:35:18","71","A1GUNTMI2Y61IW","498","255","",""
"","","","","","","","","","","","","","","482","292","",""
"","","","","","","","","","","","","","","479","305","",""
"","","","","","","","","","","","","","","489","316","",""
"","","","","","","","","","","","","","","497","317","",""
"","","","","","","","","","","","","","","510","317","",""
"","","","","","","","","","","","","","","520","313","",""
"","","","","","","","","","","","","","","524","307","",""
"","","","","","","","","","","","","","","518","287","",""
"","","","","","","","","","","","","","","505","258","",""
"","","","","","","","","","","","","","","502","244","",""
"","","","","","","","","","","","","","","501","237","",""
"","","","","","","","","","","","","","","499","236","",""
"","","","","","","","","","","","","","","496","237","",""
"","","","","fruit","0","0","","red, very small, sphere","","","25-Jul-2019 17:37:03","72","A1GUNTMI2Y61IW","82","487","",""
"","","","","","","","","","","","","","","82","495","",""
"","","","","","","","","","","","","","","85","499","",""
"","","","","","","","","","","","","","","90","499","",""
"","","","","","","","","","","","","","","94","495","",""
"","","","","","","","","","","","","","","93","486","",""
"","","","","","","","","","","","","","","88","485","",""
"","","","","window protection bar","0","0","","brown, small, left","","","25-Jul-2019 17:44:13","73","A1GUNTMI2Y61IW","76","408","",""
"","","","","","","","","","","","","","","77","485","",""
"","","","","","","","","","","","","","","80","485","",""
"","","","","","","","","","","","","","","79","412","",""
"","","","","","","","","","","","","","","79","403","",""
"","","","","","","","","","","","","","","83","402","",""
"","","","","","","","","","","","","","","81","399","",""
"","","","","","","","","","","","","","","80","395","",""
"","","","","","","","","","","","","","","83","392","",""
"","","","","","","","","","","","","","","86","390","",""
"","","","","","","","","","","","","","","85","389","",""
"","","","","","","","","","","","","","","70","389","",""
"","","","","","","","","","","","","","","70","403","",""
"","","","","","","","","","","","","","","73","403","",""
"","","","","","","","","","","","","","","76","403","",""
"","","","","wood flooring","0","0","","rectangle, wood, small","","","25-Jul-2019 17:48:12","74","A1GUNTMI2Y61IW","369","827","",""
"","","","","","","","","","","","","","","397","828","",""
"","","","","","","","","","","","","","","397","921","",""
"","","","","","","","","","","","","","","314","908","",""
"","","","","","","","","","","","","","","327","832","",""
"","","","","fabric","0","0","","fabric, burgundy, straight","","","25-Jul-2019 17:51:34","75","A1GUNTMI2Y61IW","798","863","",""
"","","","","","","","","","","","","","","770","855","",""
"","","","","","","","","","","","","","","761","827","",""
"","","","","","","","","","","","","","","755","754","",""
"","","","","","","","","","","","","","","724","566","",""
"","","","","","","","","","","","","","","718","530","",""
"","","","","","","","","","","","","","","715","479","",""
"","","","","","","","","","","","","","","798","465","",""
"","","","","arm","0","0","","body part, left, woman","","","25-Jul-2019 18:07:35","76","AOV97Z3YMKLAQ","146","499","",""
"","","","","","","","","","","","","","","191","469","",""
"","","","","","","","","","","","","","","196","435","",""
"","","","","","","","","","","","","","","200","417","",""
"","","","","","","","","","","","","","","181","393","",""
"","","","","","","","","","","","","","","168","398","",""
"","","","","","","","","","","","","","","156","423","",""
"","","","","","","","","","","","","","","151","445","",""
"","","","","","","","","","","","","","","138","465","",""
"","","","","","","","","","","","","","","133","482","",""
"","","","","floor","1","0","","wood, brown, middle ages","","","25-Jul-2019 18:09:14","77","AOV97Z3YMKLAQ","97","1087","",""
"","","","","","","","","","","","","","","277","1093","",""
"","","","","","","","","","","","","","","282","1021","",""
"","","","","","","","","","","","","","","144","993","",""
"","","","","","","","","","","","","","","133","1003","",""
"","","","","curtain","0","0","","fabric, red, left","","","25-Jul-2019 18:10:19","78","AOV97Z3YMKLAQ","591","119","",""
"","","","","","","","","","","","","","","638","77","",""
"","","","","","","","","","","","","","","672","171","",""
"","","","","","","","","","","","","","","670","186","",""
"","","","","","","","","","","","","","","657","188","",""
"","","","","","","","","","","","","","","586","176","",""
"","","","","","","","","","","","","","","576","128","",""
"","","","","nose","0","0","","face, body part, woman","","","25-Jul-2019 18:11:02","79","AOV97Z3YMKLAQ","600","265","",""
"","","","","","","","","","","","","","","586","275","",""
"","","","","","","","","","","","","","","583","269","",""
"","","","","","","","","","","","","","","588","259","",""
"","","","","forehead","0","0","","head, face, woman","","","25-Jul-2019 18:11:34","80","AOV97Z3YMKLAQ","613","227","",""
"","","","","","","","","","","","","","","611","247","",""
"","","","","","","","","","","","","","","576","252","",""
"","","","","","","","","","","","","","","571","240","",""
"","","","","","","","","","","","","","","574","233","",""
"","","","","clothing","0","0","","fabric, blue, dress","","","25-Jul-2019 18:16:51","81","AOV97Z3YMKLAQ","191","558","",""
"","","","","","","","","","","","","","","353","537","",""
"","","","","","","","","","","","","","","378","766","",""
"","","","","","","","","","","","","","","245","804","",""
"","","","","cover","0","0","","clothing, brown, fabric","","","25-Jul-2019 18:17:54","82","AOV97Z3YMKLAQ","121","568","",""
"","","","","","","","","","","","","","","173","573","",""
"","","","","","","","","","","","","","","217","808","",""
"","","","","","","","","","","","","","","196","836","",""
"","","","","","","","","","","","","","","97","826","",""
"","","","","","","","","","","","","","","102","588","",""
"","","","","floor","0","0","","wood, clear, clean","","","25-Jul-2019 18:19:05","83","AOV97Z3YMKLAQ","134","1006","",""
"","","","","","","","","","","","","","","277","1014","",""
"","","","","","","","","","","","","","","287","1083","",""
"","","","","","","","","","","","","","","141","1077","",""
"","","","","","","","","","","","","","","128","1018","",""
"","","","","breast","0","0","","mother, breastfeeding, pregnant","","","25-Jul-2019 18:20:13","84","AOV97Z3YMKLAQ","569","338","",""
"","","","","","","","","","","","","","","638","341","",""
"","","","","","","","","","","","","","","626","373","",""
"","","","","","","","","","","","","","","559","378","",""
"","","","","","","","","","","","","","","559","353","",""
"","","","","neck","0","0","","man, body part, skin","","","25-Jul-2019 18:22:33","85","AOV97Z3YMKLAQ","213","284","",""
"","","","","","","","","","","","","","","262","289","",""
"","","","","","","","","","","","","","","260","265","",""
"","","","","","","","","","","","","","","233","259","",""
"","","","","","","","","","","","","","","186","254","",""
"","","","","","","","","","","","","","","181","269","",""
